table_name,foundation_tier,lifecycle,writer,mutation_policy,primary_key,unique_constraints,required_fk_indexes,deferred_fk_constraints,row_access_contract,write_and_freeze_contract,delete_contract,special_constraint_guards,implementation_status
app_schema_migration,CORE_PLATFORM,CORE_MIGRATION,受控迁移执行器,APPEND_ONLY,migration_id,repository_code + migration_version,NONE,NONE,DECLARED_READER_ROLES + DOMAIN_WRITER_ONLY,写入后不可修改；更正追加新事实或冲销事件；应用角色拒绝 UPDATE/DELETE，更正追加新事实或冲销事件,RESTRICT_OR_NO_ACTION_ACROSS_BUSINESS_FACTS; archival/retention workflow only; CASCADE requires separate approval,NONE,DESIGN_ONLY_NOT_EXECUTED
app_source_system,CORE_BUSINESS,CORE_MIGRATION,平台管理员,CONTROLLED_UPDATE,source_system_id,source_code,NONE,NONE,DECLARED_READER_ROLES + DOMAIN_WRITER_ONLY,主数据允许受权限、审计和并发控制的更新,RESTRICT_OR_NO_ACTION_ACROSS_BUSINESS_FACTS; archival/retention workflow only; CASCADE requires separate approval,UPDATED_AT_GUARD: only approved write function/trigger may change updated_at,DESIGN_ONLY_NOT_EXECUTED
app_unit,CORE_BUSINESS,CORE_MIGRATION,数据治理管理员,CONTROLLED_UPDATE,unit_id,unit_code,canonical_unit_id | created_by_user_id,NONE,DECLARED_READER_ROLES + DOMAIN_WRITER_ONLY,主数据允许受权限、审计和并发控制的更新,RESTRICT_OR_NO_ACTION_ACROSS_BUSINESS_FACTS; archival/retention workflow only; CASCADE requires separate approval,UPDATED_AT_GUARD: only approved write function/trigger may change updated_at,DESIGN_ONLY_NOT_EXECUTED
app_job_run,CORE_PLATFORM,CORE_MIGRATION,任务调度平台,CONTROLLED_UPDATE_UNTIL_TERMINAL,job_run_id,NONE_BEYOND_PRIMARY_KEY,source_system_id,NONE,DECLARED_READER_ROLES + DOMAIN_WRITER_ONLY,运行或同步进入终态前可更新，终态后冻结并以新运行重算,RESTRICT_OR_NO_ACTION_ACROSS_BUSINESS_FACTS; archival/retention workflow only; CASCADE requires separate approval,UPDATED_AT_GUARD: only approved write function/trigger may change updated_at,DESIGN_ONLY_NOT_EXECUTED
app_audit_event,CORE_PLATFORM,CORE_MIGRATION,数据库受控审计函数,APPEND_ONLY,audit_event_id,NONE_BEYOND_PRIMARY_KEY,actor_user_id | job_run_id,NONE,RESTRICTED_COLUMN_PATH + EXPLICIT_PRIVILEGED_READER + DOMAIN_WRITER_ONLY,写入后不可修改；更正追加新事实或冲销事件；应用角色拒绝 UPDATE/DELETE，更正追加新事实或冲销事件,RESTRICT_OR_NO_ACTION_ACROSS_BUSINESS_FACTS; archival/retention workflow only; CASCADE requires separate approval,APPEND_ONLY_GUARD: deny UPDATE and DELETE to application roles,DESIGN_ONLY_NOT_EXECUTED
app_user,CORE_PLATFORM,CORE_MIGRATION,身份管理服务,CONTROLLED_UPDATE,user_id,username,person_id,NONE,RESTRICTED_COLUMN_PATH + EXPLICIT_PRIVILEGED_READER + DOMAIN_WRITER_ONLY,主数据允许受权限、审计和并发控制的更新,RESTRICT_OR_NO_ACTION_ACROSS_BUSINESS_FACTS; archival/retention workflow only; CASCADE requires separate approval,"SUBSCRIPTION_VALIDATION: sole preference-update function normalizes notification_subscription_codes, rejects unknown or duplicate codes against the deployed message-type registry, writes app_audit_event, and revokes direct array updates | UPDATED_AT_GUARD: only approved write function/trigger may change updated_at",DESIGN_ONLY_NOT_EXECUTED
app_role,CORE_PLATFORM,CORE_MIGRATION,身份管理服务,CONTROLLED_UPDATE,role_id,role_code,NONE,NONE,DECLARED_READER_ROLES + DOMAIN_WRITER_ONLY,主数据允许受权限、审计和并发控制的更新,RESTRICT_OR_NO_ACTION_ACROSS_BUSINESS_FACTS; archival/retention workflow only; CASCADE requires separate approval,UPDATED_AT_GUARD: only approved write function/trigger may change updated_at,DESIGN_ONLY_NOT_EXECUTED
app_permission,EXTENSION_PACK:FINE_GRAINED_ACCESS,PLANNED_MODULE,身份管理服务,CONTROLLED_UPDATE,permission_id,permission_code,NONE,NONE,DECLARED_READER_ROLES + DOMAIN_WRITER_ONLY,主数据允许受权限、审计和并发控制的更新,RESTRICT_OR_NO_ACTION_ACROSS_BUSINESS_FACTS; archival/retention workflow only; CASCADE requires separate approval,UPDATED_AT_GUARD: only approved write function/trigger may change updated_at,DESIGN_ONLY_NOT_EXECUTED
app_user_role,CORE_PLATFORM,CORE_MIGRATION,身份管理服务,CONTROLLED_UPDATE_UNTIL_TERMINAL,user_role_id,user_id + role_id + valid_from,granted_by_user_id | role_id,NONE,DECLARED_READER_ROLES + DOMAIN_WRITER_ONLY,运行或同步进入终态前可更新，终态后冻结并以新运行重算,RESTRICT_OR_NO_ACTION_ACROSS_BUSINESS_FACTS; archival/retention workflow only; CASCADE requires separate approval,UPDATED_AT_GUARD: only approved write function/trigger may change updated_at,DESIGN_ONLY_NOT_EXECUTED
app_role_permission,EXTENSION_PACK:FINE_GRAINED_ACCESS,PLANNED_MODULE,身份管理服务,CONTROLLED_UPDATE_UNTIL_TERMINAL,role_permission_id,role_id + permission_id + valid_from,granted_by_user_id | permission_id,NONE,DECLARED_READER_ROLES + DOMAIN_WRITER_ONLY,运行或同步进入终态前可更新，终态后冻结并以新运行重算,RESTRICT_OR_NO_ACTION_ACROSS_BUSINESS_FACTS; archival/retention workflow only; CASCADE requires separate approval,UPDATED_AT_GUARD: only approved write function/trigger may change updated_at,DESIGN_ONLY_NOT_EXECUTED
app_user_location_scope,CORE_PLATFORM,CORE_MIGRATION,身份管理服务,CONTROLLED_UPDATE_UNTIL_TERMINAL,user_location_scope_id,user_role_id + location_id + scope_level + valid_from,granted_by_user_id | location_id,NONE,LOCATION_SCOPE_SELECT + DOMAIN_WRITER_ONLY,运行或同步进入终态前可更新，终态后冻结并以新运行重算,RESTRICT_OR_NO_ACTION_ACROSS_BUSINESS_FACTS; archival/retention workflow only; CASCADE requires separate approval,UPDATED_AT_GUARD: only approved write function/trigger may change updated_at,DESIGN_ONLY_NOT_EXECUTED
app_session,CORE_PLATFORM,CORE_MIGRATION,身份管理服务,CONTROLLED_UPDATE_UNTIL_TERMINAL,session_id,token_hash,user_id,NONE,RESTRICTED_COLUMN_PATH + EXPLICIT_PRIVILEGED_READER + DOMAIN_WRITER_ONLY,运行或同步进入终态前可更新，终态后冻结并以新运行重算,RESTRICT_OR_NO_ACTION_ACROSS_BUSINESS_FACTS; archival/retention workflow only; CASCADE requires separate approval,NONE,DESIGN_ONLY_NOT_EXECUTED
app_one_time_token,CORE_PLATFORM,CORE_MIGRATION,令牌服务,CONTROLLED_UPDATE_UNTIL_TERMINAL,one_time_token_id,token_hash,application_id | campaign_member_id | member_id | user_id,NONE,RESTRICTED_COLUMN_PATH + EXPLICIT_PRIVILEGED_READER + DOMAIN_WRITER_ONLY,运行或同步进入终态前可更新，终态后冻结并以新运行重算,RESTRICT_OR_NO_ACTION_ACROSS_BUSINESS_FACTS; archival/retention workflow only; CASCADE requires separate approval,UPDATED_AT_GUARD: only approved write function/trigger may change updated_at,DESIGN_ONLY_NOT_EXECUTED
app_rate_limit_event,CORE_PLATFORM,CORE_MIGRATION,API 网关或限流服务,CONTROLLED_UPDATE_UNTIL_TERMINAL,rate_limit_event_id,scope_code + key_hash + window_started_at + window_seconds,NONE,NONE,RESTRICTED_COLUMN_PATH + EXPLICIT_PRIVILEGED_READER + DOMAIN_WRITER_ONLY,运行或同步进入终态前可更新，终态后冻结并以新运行重算,RESTRICT_OR_NO_ACTION_ACROSS_BUSINESS_FACTS; archival/retention workflow only; CASCADE requires separate approval,UPDATED_AT_GUARD: only approved write function/trigger may change updated_at,DESIGN_ONLY_NOT_EXECUTED
ops_location,CORE_BUSINESS,CORE_MIGRATION,BakeryOps 主数据管理,CONTROLLED_UPDATE,location_id,location_code,parent_location_id,NONE,LOCATION_SCOPE_SELECT + DOMAIN_WRITER_ONLY,主数据允许受权限、审计和并发控制的更新,RESTRICT_OR_NO_ACTION_ACROSS_BUSINESS_FACTS; archival/retention workflow only; CASCADE requires separate approval,UPDATED_AT_GUARD: only approved write function/trigger may change updated_at,DESIGN_ONLY_NOT_EXECUTED
ops_location_source_identity,CORE_BUSINESS,CORE_MIGRATION,BakeryOps 主数据审核,CONTROLLED_UPDATE,location_source_identity_id,source_system_id + source_container_id + source_location_id + valid_from [NULLS NOT DISTINCT：空值也参与去重],created_by_user_id | location_id,NONE,LOCATION_SCOPE_SELECT + DOMAIN_WRITER_ONLY,主数据允许受权限、审计和并发控制的更新,RESTRICT_OR_NO_ACTION_ACROSS_BUSINESS_FACTS; archival/retention workflow only; CASCADE requires separate approval,UPDATED_AT_GUARD: only approved write function/trigger may change updated_at,DESIGN_ONLY_NOT_EXECUTED
ops_product,CORE_BUSINESS,CORE_MIGRATION,BakeryOps 产品主数据管理,CONTROLLED_UPDATE,product_id,product_code,base_unit_id | created_by_user_id,NONE,DECLARED_READER_ROLES + DOMAIN_WRITER_ONLY,主数据允许受权限、审计和并发控制的更新,RESTRICT_OR_NO_ACTION_ACROSS_BUSINESS_FACTS; archival/retention workflow only; CASCADE requires separate approval,UPDATED_AT_GUARD: only approved write function/trigger may change updated_at,DESIGN_ONLY_NOT_EXECUTED
ops_product_alias,CORE_BUSINESS,CORE_MIGRATION,BakeryOps 产品主数据管理,CONTROLLED_UPDATE,product_alias_id,source_system_id + alias_text + valid_from [NULLS NOT DISTINCT：空值也参与去重],created_by_user_id | product_id,NONE,DECLARED_READER_ROLES + DOMAIN_WRITER_ONLY,主数据允许受权限、审计和并发控制的更新,RESTRICT_OR_NO_ACTION_ACROSS_BUSINESS_FACTS; archival/retention workflow only; CASCADE requires separate approval,UPDATED_AT_GUARD: only approved write function/trigger may change updated_at,DESIGN_ONLY_NOT_EXECUTED
hr_person,CORE_BUSINESS,CORE_MIGRATION,HR 主数据流程,CONTROLLED_UPDATE,person_id,dedupe_fingerprint [NULLS DISTINCT：仅非空值去重，允许多条空值],created_by_user_id | merged_into_person_id,NONE,RESTRICTED_COLUMN_PATH + EXPLICIT_PRIVILEGED_READER + DOMAIN_WRITER_ONLY,主数据允许受权限、审计和并发控制的更新,RESTRICT_OR_NO_ACTION_ACROSS_BUSINESS_FACTS; archival/retention workflow only; CASCADE requires separate approval,UPDATED_AT_GUARD: only approved write function/trigger may change updated_at,DESIGN_ONLY_NOT_EXECUTED
hr_person_contact,CORE_BUSINESS,CORE_MIGRATION,HR 主数据流程,CONTROLLED_UPDATE,person_contact_id,person_id + contact_type + lookup_hash + valid_from,created_by_user_id,NONE,RESTRICTED_COLUMN_PATH + EXPLICIT_PRIVILEGED_READER + DOMAIN_WRITER_ONLY,主数据允许受权限、审计和并发控制的更新,RESTRICT_OR_NO_ACTION_ACROSS_BUSINESS_FACTS; archival/retention workflow only; CASCADE requires separate approval,UPDATED_AT_GUARD: only approved write function/trigger may change updated_at,DESIGN_ONLY_NOT_EXECUTED
hr_employment,CORE_BUSINESS,CORE_MIGRATION,HR 主数据流程,CONTROLLED_UPDATE,employment_id,employee_code | origin_application_id [NULLS DISTINCT：仅非空值去重，允许多条空值],created_by_user_id | home_location_id | person_id,NONE,LOCATION_SCOPE_SELECT + DOMAIN_WRITER_ONLY,主数据允许受权限、审计和并发控制的更新,RESTRICT_OR_NO_ACTION_ACROSS_BUSINESS_FACTS; archival/retention workflow only; CASCADE requires separate approval,UPDATED_AT_GUARD: only approved write function/trigger may change updated_at,DESIGN_ONLY_NOT_EXECUTED
hr_employment_source_identity,CORE_BUSINESS,CORE_MIGRATION,HR 身份审核,CONTROLLED_UPDATE,employment_source_identity_id,source_system_id + source_employee_id + valid_from,created_by_user_id | employment_id,NONE,RESTRICTED_COLUMN_PATH + EXPLICIT_PRIVILEGED_READER + DOMAIN_WRITER_ONLY,主数据允许受权限、审计和并发控制的更新,RESTRICT_OR_NO_ACTION_ACROSS_BUSINESS_FACTS; archival/retention workflow only; CASCADE requires separate approval,UPDATED_AT_GUARD: only approved write function/trigger may change updated_at,DESIGN_ONLY_NOT_EXECUTED
hr_employment_mapping_review,CORE_BUSINESS,CORE_MIGRATION,HR 身份审核,CONTROLLED_UPDATE,employment_mapping_review_id,NONE_BEYOND_PRIMARY_KEY,candidate_employment_id | candidate_person_id | confirmed_source_identity_id | created_by_user_id | reviewed_by_user_id | source_system_id,NONE,RESTRICTED_COLUMN_PATH + EXPLICIT_PRIVILEGED_READER + DOMAIN_WRITER_ONLY,主数据允许受权限、审计和并发控制的更新,RESTRICT_OR_NO_ACTION_ACROSS_BUSINESS_FACTS; archival/retention workflow only; CASCADE requires separate approval,UPDATED_AT_GUARD: only approved write function/trigger may change updated_at,DESIGN_ONLY_NOT_EXECUTED
scm_material,CORE_BUSINESS,CORE_MIGRATION,供应链主数据流程,CONTROLLED_UPDATE,material_id,material_code,base_unit_id | created_by_user_id,NONE,DECLARED_READER_ROLES + DOMAIN_WRITER_ONLY,主数据允许受权限、审计和并发控制的更新,RESTRICT_OR_NO_ACTION_ACROSS_BUSINESS_FACTS; archival/retention workflow only; CASCADE requires separate approval,UPDATED_AT_GUARD: only approved write function/trigger may change updated_at,DESIGN_ONLY_NOT_EXECUTED
scm_material_alias,CORE_BUSINESS,CORE_MIGRATION,供应链主数据流程,CONTROLLED_UPDATE,material_alias_id,source_system_id + alias_text + valid_from [NULLS NOT DISTINCT：空值也参与去重],created_by_user_id | material_id,NONE,DECLARED_READER_ROLES + DOMAIN_WRITER_ONLY,主数据允许受权限、审计和并发控制的更新,RESTRICT_OR_NO_ACTION_ACROSS_BUSINESS_FACTS; archival/retention workflow only; CASCADE requires separate approval,UPDATED_AT_GUARD: only approved write function/trigger may change updated_at,DESIGN_ONLY_NOT_EXECUTED
scm_material_source_identity,CORE_BUSINESS,CORE_MIGRATION,供应链主数据审核,CONTROLLED_UPDATE,material_source_identity_id,source_system_id + source_material_id + valid_from,created_by_user_id | material_id,NONE,DECLARED_READER_ROLES + DOMAIN_WRITER_ONLY,主数据允许受权限、审计和并发控制的更新,RESTRICT_OR_NO_ACTION_ACROSS_BUSINESS_FACTS; archival/retention workflow only; CASCADE requires separate approval,UPDATED_AT_GUARD: only approved write function/trigger may change updated_at,DESIGN_ONLY_NOT_EXECUTED
pos_ingest_batch,CORE_BUSINESS,CORE_MIGRATION,RES/POS 同步服务,CONTROLLED_UPDATE_UNTIL_TERMINAL,pos_ingest_batch_id,source_system_id + location_id + dataset_code + source_batch_id [NULLS DISTINCT：仅非空值去重，允许多条空值] | idempotency_key,job_run_id | location_id | supersedes_pos_ingest_batch_id,NONE,LOCATION_SCOPE_SELECT + DOMAIN_WRITER_ONLY,运行或同步进入终态前可更新，终态后冻结并以新运行重算,RESTRICT_OR_NO_ACTION_ACROSS_BUSINESS_FACTS; archival/retention workflow only; CASCADE requires separate approval,UPDATED_AT_GUARD: only approved write function/trigger may change updated_at,DESIGN_ONLY_NOT_EXECUTED
pos_product_listing,CORE_BUSINESS,CORE_MIGRATION,RES/POS 同步服务,CONTROLLED_UPDATE,listing_id,source_system_id + source_organization_id + source_item_id | source_system_id + source_item_key,location_id,NONE,LOCATION_SCOPE_SELECT + DOMAIN_WRITER_ONLY,主数据允许受权限、审计和并发控制的更新,RESTRICT_OR_NO_ACTION_ACROSS_BUSINESS_FACTS; archival/retention workflow only; CASCADE requires separate approval,UPDATED_AT_GUARD: only approved write function/trigger may change updated_at,DESIGN_ONLY_NOT_EXECUTED
pos_product_mapping,CORE_BUSINESS,CORE_MIGRATION,产品身份审核流程,CONTROLLED_UPDATE,product_mapping_id,listing_id + valid_from,created_by_user_id | product_id,NONE,DECLARED_READER_ROLES + DOMAIN_WRITER_ONLY,主数据允许受权限、审计和并发控制的更新,RESTRICT_OR_NO_ACTION_ACROSS_BUSINESS_FACTS; archival/retention workflow only; CASCADE requires separate approval,UPDATED_AT_GUARD: only approved write function/trigger may change updated_at,DESIGN_ONLY_NOT_EXECUTED
pos_product_mapping_review,CORE_BUSINESS,CORE_MIGRATION,产品身份审核流程,CONTROLLED_WORKFLOW,mapping_review_id,NONE_BEYOND_PRIMARY_KEY,candidate_product_id | created_by_user_id | listing_id | reviewed_by_user_id,NONE,DECLARED_READER_ROLES + DOMAIN_WRITER_ONLY,只允许批准的状态机迁移并记录操作者和时间,RESTRICT_OR_NO_ACTION_ACROSS_BUSINESS_FACTS; archival/retention workflow only; CASCADE requires separate approval,UPDATED_AT_GUARD: only approved write function/trigger may change updated_at,DESIGN_ONLY_NOT_EXECUTED
pos_sales_day,CORE_BUSINESS,CORE_MIGRATION,RES/POS 同步服务,APPEND_ONLY,sales_day_id,location_id + business_date + pos_ingest_batch_id,pos_ingest_batch_id,NONE,LOCATION_SCOPE_SELECT + DOMAIN_WRITER_ONLY,写入后不可修改；更正追加新事实或冲销事件；应用角色拒绝 UPDATE/DELETE，更正追加新事实或冲销事件,RESTRICT_OR_NO_ACTION_ACROSS_BUSINESS_FACTS; archival/retention workflow only; CASCADE requires separate approval,NONE,DESIGN_ONLY_NOT_EXECUTED
pos_sales_hour,CORE_BUSINESS,CORE_MIGRATION,RES/POS 同步服务,APPEND_ONLY,sales_hour_id,location_id + hour_started_at + pos_ingest_batch_id,pos_ingest_batch_id,NONE,LOCATION_SCOPE_SELECT + DOMAIN_WRITER_ONLY,写入后不可修改；更正追加新事实或冲销事件；应用角色拒绝 UPDATE/DELETE，更正追加新事实或冲销事件,RESTRICT_OR_NO_ACTION_ACROSS_BUSINESS_FACTS; archival/retention workflow only; CASCADE requires separate approval,NONE,DESIGN_ONLY_NOT_EXECUTED
pos_item_sales_hour,CORE_BUSINESS,CORE_MIGRATION,RES/POS 同步服务,APPEND_ONLY,item_sales_hour_id,location_id + hour_started_at + listing_id + pos_ingest_batch_id,listing_id | pos_ingest_batch_id,NONE,LOCATION_SCOPE_SELECT + DOMAIN_WRITER_ONLY,写入后不可修改；更正追加新事实或冲销事件；应用角色拒绝 UPDATE/DELETE，更正追加新事实或冲销事件,RESTRICT_OR_NO_ACTION_ACROSS_BUSINESS_FACTS; archival/retention workflow only; CASCADE requires separate approval,NONE,DESIGN_ONLY_NOT_EXECUTED
pos_daily_breakdown,CORE_BUSINESS,CORE_MIGRATION,RES/POS 同步服务,APPEND_ONLY,daily_breakdown_id,location_id + business_date + dimension_type + dimension_value + pos_ingest_batch_id,pos_ingest_batch_id,NONE,LOCATION_SCOPE_SELECT + DOMAIN_WRITER_ONLY,写入后不可修改；更正追加新事实或冲销事件；应用角色拒绝 UPDATE/DELETE，更正追加新事实或冲销事件,RESTRICT_OR_NO_ACTION_ACROSS_BUSINESS_FACTS; archival/retention workflow only; CASCADE requires separate approval,NONE,DESIGN_ONLY_NOT_EXECUTED
pos_item_waste,CORE_BUSINESS,CORE_MIGRATION,RES/POS 同步服务,APPEND_ONLY,waste_id,pos_ingest_batch_id + source_row_fingerprint | pos_ingest_batch_id + source_waste_id [NULLS DISTINCT：仅非空值去重，允许多条空值],listing_id | location_id,NONE,LOCATION_SCOPE_SELECT + DOMAIN_WRITER_ONLY,写入后不可修改；更正追加新事实或冲销事件；应用角色拒绝 UPDATE/DELETE，更正追加新事实或冲销事件,RESTRICT_OR_NO_ACTION_ACROSS_BUSINESS_FACTS; archival/retention workflow only; CASCADE requires separate approval,NONE,DESIGN_ONLY_NOT_EXECUTED
ops_stockout_event,CORE_BUSINESS,CORE_MIGRATION,BakeryOps 断货检测；人工可确认,CONTROLLED_UPDATE_UNTIL_TERMINAL,stockout_event_id,NONE_BEYOND_PRIMARY_KEY,created_by_user_id | detected_job_run_id | listing_id | location_id,NONE,LOCATION_SCOPE_SELECT + DOMAIN_WRITER_ONLY,运行或同步进入终态前可更新，终态后冻结并以新运行重算,RESTRICT_OR_NO_ACTION_ACROSS_BUSINESS_FACTS; archival/retention workflow only; CASCADE requires separate approval,UPDATED_AT_GUARD: only approved write function/trigger may change updated_at,DESIGN_ONLY_NOT_EXECUTED
pos_order,CORE_BUSINESS,CORE_MIGRATION,RES/POS 同步服务,APPEND_ONLY,order_id,source_system_id + location_id + source_order_id,first_seen_pos_ingest_batch_id | location_id,NONE,LOCATION_SCOPE_SELECT + DOMAIN_WRITER_ONLY,写入后不可修改；更正追加新事实或冲销事件；应用角色拒绝 UPDATE/DELETE，更正追加新事实或冲销事件,RESTRICT_OR_NO_ACTION_ACROSS_BUSINESS_FACTS; archival/retention workflow only; CASCADE requires separate approval,NONE,DESIGN_ONLY_NOT_EXECUTED
pos_order_item,CORE_BUSINESS,CORE_MIGRATION,RES/POS 同步服务,APPEND_ONLY,order_item_id,pos_ingest_batch_id + order_id + listing_id,listing_id | order_id,NONE,DECLARED_READER_ROLES + DOMAIN_WRITER_ONLY,写入后不可修改；更正追加新事实或冲销事件；应用角色拒绝 UPDATE/DELETE，更正追加新事实或冲销事件,RESTRICT_OR_NO_ACTION_ACROSS_BUSINESS_FACTS; archival/retention workflow only; CASCADE requires separate approval,NONE,DESIGN_ONLY_NOT_EXECUTED
pos_payment,SOURCE_CONDITIONAL,SOURCE_CONDITIONAL,RES/POS 同步服务,SOURCE_STATE_UNTIL_TERMINAL,payment_id,source_system_id + source_payment_id,first_seen_pos_ingest_batch_id | last_seen_pos_ingest_batch_id | order_id,NONE,DECLARED_READER_ROLES + DOMAIN_WRITER_ONLY,忠实跟随来源系统的业务状态至终态，终态后不擅自改写,RESTRICT_OR_NO_ACTION_ACROSS_BUSINESS_FACTS; archival/retention workflow only; CASCADE requires separate approval,UPDATED_AT_GUARD: only approved write function/trigger may change updated_at,DESIGN_ONLY_NOT_EXECUTED
pos_refund,SOURCE_CONDITIONAL,SOURCE_CONDITIONAL,RES/POS 同步服务,APPEND_ONLY,refund_id,source_system_id + source_refund_id,first_seen_pos_ingest_batch_id | listing_id | order_id,NONE,RESTRICTED_COLUMN_PATH + EXPLICIT_PRIVILEGED_READER + DOMAIN_WRITER_ONLY,写入后不可修改；更正追加新事实或冲销事件；应用角色拒绝 UPDATE/DELETE，更正追加新事实或冲销事件,RESTRICT_OR_NO_ACTION_ACROSS_BUSINESS_FACTS; archival/retention workflow only; CASCADE requires separate approval,NONE,DESIGN_ONLY_NOT_EXECUTED
pos_member,CORE_BUSINESS,CORE_MIGRATION,RES/POS 同步服务,CONTROLLED_UPDATE,member_id,source_system_id + source_member_id,home_location_id | merged_into_member_id,NONE,LOCATION_SCOPE_SELECT + DOMAIN_WRITER_ONLY,主数据允许受权限、审计和并发控制的更新,RESTRICT_OR_NO_ACTION_ACROSS_BUSINESS_FACTS; archival/retention workflow only; CASCADE requires separate approval,UPDATED_AT_GUARD: only approved write function/trigger may change updated_at,DESIGN_ONLY_NOT_EXECUTED
pos_member_contact,CORE_BUSINESS,CORE_MIGRATION,RES/POS 同步服务的受限写入路径,CONTROLLED_UPDATE_UNTIL_TERMINAL,member_contact_id,member_id + lookup_hash + valid_from,NONE,NONE,RESTRICTED_COLUMN_PATH + EXPLICIT_PRIVILEGED_READER + DOMAIN_WRITER_ONLY,运行或同步进入终态前可更新，终态后冻结并以新运行重算,RESTRICT_OR_NO_ACTION_ACROSS_BUSINESS_FACTS; archival/retention workflow only; CASCADE requires separate approval,UPDATED_AT_GUARD: only approved write function/trigger may change updated_at,DESIGN_ONLY_NOT_EXECUTED
pos_member_card,CORE_BUSINESS,CORE_MIGRATION,RES/POS 同步服务,CONTROLLED_UPDATE,member_card_id,source_system_id + source_card_id,issued_location_id | member_id,NONE,LOCATION_SCOPE_SELECT + DOMAIN_WRITER_ONLY,主数据允许受权限、审计和并发控制的更新,RESTRICT_OR_NO_ACTION_ACROSS_BUSINESS_FACTS; archival/retention workflow only; CASCADE requires separate approval,UPDATED_AT_GUARD: only approved write function/trigger may change updated_at,DESIGN_ONLY_NOT_EXECUTED
pos_member_balance_snapshot,CORE_BUSINESS,CORE_MIGRATION,RES/POS 同步服务,APPEND_ONLY,member_balance_snapshot_id,member_id + snapshot_date + pos_ingest_batch_id,pos_ingest_batch_id,NONE,DECLARED_READER_ROLES + DOMAIN_WRITER_ONLY,写入后不可修改；更正追加新事实或冲销事件；应用角色拒绝 UPDATE/DELETE，更正追加新事实或冲销事件,RESTRICT_OR_NO_ACTION_ACROSS_BUSINESS_FACTS; archival/retention workflow only; CASCADE requires separate approval,NONE,DESIGN_ONLY_NOT_EXECUTED
pos_member_card_transaction,CORE_BUSINESS,CORE_MIGRATION,RES/POS 同步服务,APPEND_ONLY,member_card_transaction_id,source_system_id + location_id + source_transaction_id,location_id | member_card_id | member_id | order_id | pos_ingest_batch_id,NONE,LOCATION_SCOPE_SELECT + DOMAIN_WRITER_ONLY,写入后不可修改；更正追加新事实或冲销事件；应用角色拒绝 UPDATE/DELETE，更正追加新事实或冲销事件,RESTRICT_OR_NO_ACTION_ACROSS_BUSINESS_FACTS; archival/retention workflow only; CASCADE requires separate approval,"CONSTRAINT_TRIGGER: when member_card_id is present, the referenced card must belong to member_id when member_id is also present; resolved stable IDs must agree with source IDs in the same source-system namespace",DESIGN_ONLY_NOT_EXECUTED
pos_member_daily_metric,CORE_BUSINESS,CORE_MIGRATION,RES/POS 同步服务,APPEND_ONLY,member_daily_metric_id,location_id + business_date + pos_ingest_batch_id,pos_ingest_batch_id,NONE,LOCATION_SCOPE_SELECT + DOMAIN_WRITER_ONLY,写入后不可修改；更正追加新事实或冲销事件；应用角色拒绝 UPDATE/DELETE，更正追加新事实或冲销事件,RESTRICT_OR_NO_ACTION_ACROSS_BUSINESS_FACTS; archival/retention workflow only; CASCADE requires separate approval,NONE,DESIGN_ONLY_NOT_EXECUTED
ops_calendar_event,CORE_BUSINESS,CORE_MIGRATION,BakeryOps 日历任务,CONTROLLED_WORKFLOW,calendar_event_id,job_run_id + jurisdiction_code + event_date + event_name,NONE,NONE,DECLARED_READER_ROLES + DOMAIN_WRITER_ONLY,只允许批准的状态机迁移并记录操作者和时间,RESTRICT_OR_NO_ACTION_ACROSS_BUSINESS_FACTS; archival/retention workflow only; CASCADE requires separate approval,UPDATED_AT_GUARD: only approved write function/trigger may change updated_at,DESIGN_ONLY_NOT_EXECUTED
ops_operational_event,CORE_BUSINESS,CORE_MIGRATION,门店或区域运营,CONTROLLED_UPDATE_UNTIL_TERMINAL,operational_event_id,NONE_BEYOND_PRIMARY_KEY,created_by_user_id | location_id,NONE,LOCATION_SCOPE_SELECT + DOMAIN_WRITER_ONLY,运行或同步进入终态前可更新，终态后冻结并以新运行重算,RESTRICT_OR_NO_ACTION_ACROSS_BUSINESS_FACTS; archival/retention workflow only; CASCADE requires separate approval,UPDATED_AT_GUARD: only approved write function/trigger may change updated_at,DESIGN_ONLY_NOT_EXECUTED
ops_operational_event_product,CORE_BUSINESS,CORE_MIGRATION,门店或区域运营,CONTROLLED_UPDATE_UNTIL_TERMINAL,operational_event_product_id,operational_event_id + product_id,created_by_user_id | product_id,NONE,DECLARED_READER_ROLES + DOMAIN_WRITER_ONLY,运行或同步进入终态前可更新，终态后冻结并以新运行重算,RESTRICT_OR_NO_ACTION_ACROSS_BUSINESS_FACTS; archival/retention workflow only; CASCADE requires separate approval,UPDATED_AT_GUARD: only approved write function/trigger may change updated_at,DESIGN_ONLY_NOT_EXECUTED
ops_forecast_run,CORE_BUSINESS,CORE_MIGRATION,BakeryOps 预测任务,CONTROLLED_UPDATE_UNTIL_TERMINAL,forecast_run_id,NONE_BEYOND_PRIMARY_KEY,job_run_id | location_id,NONE,LOCATION_SCOPE_SELECT + DOMAIN_WRITER_ONLY,运行或同步进入终态前可更新，终态后冻结并以新运行重算,RESTRICT_OR_NO_ACTION_ACROSS_BUSINESS_FACTS; archival/retention workflow only; CASCADE requires separate approval,UPDATED_AT_GUARD: only approved write function/trigger may change updated_at,DESIGN_ONLY_NOT_EXECUTED
ops_forecast_line,CORE_BUSINESS,CORE_MIGRATION,BakeryOps 预测任务,APPEND_ONLY,forecast_line_id,forecast_run_id + product_id,product_id,NONE,DECLARED_READER_ROLES + DOMAIN_WRITER_ONLY,写入后不可修改；更正追加新事实或冲销事件；应用角色拒绝 UPDATE/DELETE，更正追加新事实或冲销事件,RESTRICT_OR_NO_ACTION_ACROSS_BUSINESS_FACTS; archival/retention workflow only; CASCADE requires separate approval,NONE,DESIGN_ONLY_NOT_EXECUTED
ops_production_plan_version,CORE_BUSINESS,CORE_MIGRATION,BakeryOps；审批人改变状态,DRAFT_MUTABLE_THEN_FROZEN,production_plan_version_id,location_id + plan_business_date + version_no,approved_by_user_id | based_on_version_id | created_by_user_id | forecast_run_id,NONE,LOCATION_SCOPE_SELECT + DOMAIN_WRITER_ONLY,草稿可编辑；发布、发送或生效后冻结并新建版本；终态由数据库冻结门禁保护,RESTRICT_OR_NO_ACTION_ACROSS_BUSINESS_FACTS; archival/retention workflow only; CASCADE requires separate approval,FREEZE_TRIGGER: published/rejected/cancelled/superseded version and child rows are immutable | UPDATED_AT_GUARD: only approved write function/trigger may change updated_at,DESIGN_ONLY_NOT_EXECUTED
ops_production_plan_line,CORE_BUSINESS,CORE_MIGRATION,BakeryOps,APPEND_ONLY,production_plan_line_id,production_plan_version_id + product_id,based_on_plan_line_id | confirmed_by_user_id | forecast_line_id | product_id | suggested_by_ai_call_id | unit_id,NONE,DECLARED_READER_ROLES + DOMAIN_WRITER_ONLY,写入后不可修改；更正追加新事实或冲销事件；应用角色拒绝 UPDATE/DELETE，更正追加新事实或冲销事件,RESTRICT_OR_NO_ACTION_ACROSS_BUSINESS_FACTS; archival/retention workflow only; CASCADE requires separate approval,NONE,DESIGN_ONLY_NOT_EXECUTED
ops_production_plan_slot,EXTENSION_PACK:PRODUCTION_EXECUTION,PLANNED_MODULE,BakeryOps,APPEND_ONLY,production_plan_slot_id,production_plan_line_id + sequence_no,NONE,NONE,DECLARED_READER_ROLES + DOMAIN_WRITER_ONLY,写入后不可修改；更正追加新事实或冲销事件；应用角色拒绝 UPDATE/DELETE，更正追加新事实或冲销事件,RESTRICT_OR_NO_ACTION_ACROSS_BUSINESS_FACTS; archival/retention workflow only; CASCADE requires separate approval,NONE,DESIGN_ONLY_NOT_EXECUTED
ops_workload_run,EXTENSION_PACK:SHIFT_AND_WORKFORCE,PLANNED_MODULE,BakeryOps 工作量任务,CONTROLLED_UPDATE_UNTIL_TERMINAL,workload_run_id,NONE_BEYOND_PRIMARY_KEY,job_run_id | location_id | production_plan_version_id,NONE,LOCATION_SCOPE_SELECT + DOMAIN_WRITER_ONLY,运行或同步进入终态前可更新，终态后冻结并以新运行重算,RESTRICT_OR_NO_ACTION_ACROSS_BUSINESS_FACTS; archival/retention workflow only; CASCADE requires separate approval,UPDATED_AT_GUARD: only approved write function/trigger may change updated_at,DESIGN_ONLY_NOT_EXECUTED
ops_workload_line,EXTENSION_PACK:SHIFT_AND_WORKFORCE,PLANNED_MODULE,BakeryOps 工作量任务,APPEND_ONLY,workload_line_id,workload_run_id + role_id + station_id + product_id + workload_unit [NULLS NOT DISTINCT：空值也参与去重],product_id | role_id | station_id,NONE,DECLARED_READER_ROLES + DOMAIN_WRITER_ONLY,写入后不可修改；更正追加新事实或冲销事件；应用角色拒绝 UPDATE/DELETE，更正追加新事实或冲销事件,RESTRICT_OR_NO_ACTION_ACROSS_BUSINESS_FACTS; archival/retention workflow only; CASCADE requires separate approval,NONE,DESIGN_ONLY_NOT_EXECUTED
ops_production_run,EXTENSION_PACK:PRODUCTION_EXECUTION,PLANNED_MODULE,门店/厨房执行流程,CONTROLLED_UPDATE,production_run_id,location_id + source_run_code [NULLS DISTINCT：仅非空值去重，允许多条空值],created_by_user_id | production_plan_version_id,NONE,LOCATION_SCOPE_SELECT + DOMAIN_WRITER_ONLY,主数据允许受权限、审计和并发控制的更新,RESTRICT_OR_NO_ACTION_ACROSS_BUSINESS_FACTS; archival/retention workflow only; CASCADE requires separate approval,UPDATED_AT_GUARD: only approved write function/trigger may change updated_at,DESIGN_ONLY_NOT_EXECUTED
ops_production_run_line,EXTENSION_PACK:PRODUCTION_EXECUTION,PLANNED_MODULE,门店/厨房执行流程,APPEND_ONLY,production_run_line_id,production_run_id + product_id,product_id | production_plan_line_id | unit_id,NONE,DECLARED_READER_ROLES + DOMAIN_WRITER_ONLY,写入后不可修改；更正追加新事实或冲销事件；应用角色拒绝 UPDATE/DELETE，更正追加新事实或冲销事件,RESTRICT_OR_NO_ACTION_ACROSS_BUSINESS_FACTS; archival/retention workflow only; CASCADE requires separate approval,NONE,DESIGN_ONLY_NOT_EXECUTED
ops_dispatch,EXTENSION_PACK:PRODUCTION_EXECUTION,PLANNED_MODULE,配送执行流程,CONTROLLED_UPDATE,dispatch_id,dispatch_code,created_by_user_id | from_location_id | production_run_id | to_location_id,NONE,LOCATION_SCOPE_SELECT + DOMAIN_WRITER_ONLY,主数据允许受权限、审计和并发控制的更新,RESTRICT_OR_NO_ACTION_ACROSS_BUSINESS_FACTS; archival/retention workflow only; CASCADE requires separate approval,UPDATED_AT_GUARD: only approved write function/trigger may change updated_at,DESIGN_ONLY_NOT_EXECUTED
ops_dispatch_line,EXTENSION_PACK:PRODUCTION_EXECUTION,PLANNED_MODULE,配送执行流程,APPEND_ONLY,dispatch_line_id,dispatch_id + product_id,product_id | production_run_line_id | unit_id,NONE,DECLARED_READER_ROLES + DOMAIN_WRITER_ONLY,写入后不可修改；更正追加新事实或冲销事件；应用角色拒绝 UPDATE/DELETE，更正追加新事实或冲销事件,RESTRICT_OR_NO_ACTION_ACROSS_BUSINESS_FACTS; archival/retention workflow only; CASCADE requires separate approval,NONE,DESIGN_ONLY_NOT_EXECUTED
ops_daily_review,CORE_BUSINESS,CORE_MIGRATION,BakeryOps 复盘流程,DRAFT_MUTABLE_THEN_FROZEN,daily_review_id,location_id + business_date + version_no,ai_call_id | approved_by_user_id | created_by_user_id,NONE,LOCATION_SCOPE_SELECT + DOMAIN_WRITER_ONLY,草稿可编辑；发布、发送或生效后冻结并新建版本；终态由数据库冻结门禁保护,RESTRICT_OR_NO_ACTION_ACROSS_BUSINESS_FACTS; archival/retention workflow only; CASCADE requires separate approval,SCHEMA_VALIDATION: sole SECURITY DEFINER draft-write function validates manager_input against manager_input_schema_version and review_summary against review_summary_schema_version; unknown keys and unsupported versions are rejected; application roles have no direct INSERT/UPDATE grant | UPDATED_AT_GUARD: only approved write function/trigger may change updated_at,DESIGN_ONLY_NOT_EXECUTED
ops_review_action,CORE_BUSINESS,CORE_MIGRATION,门店或区域运营,CONTROLLED_UPDATE,review_action_id,NONE_BEYOND_PRIMARY_KEY,created_by_user_id | daily_review_id | owner_employment_id,NONE,DECLARED_READER_ROLES + DOMAIN_WRITER_ONLY,主数据允许受权限、审计和并发控制的更新,RESTRICT_OR_NO_ACTION_ACROSS_BUSINESS_FACTS; archival/retention workflow only; CASCADE requires separate approval,UPDATED_AT_GUARD: only approved write function/trigger may change updated_at,DESIGN_ONLY_NOT_EXECUTED
ops_business_rule,CORE_BUSINESS,CORE_MIGRATION,BakeryOps 设置流程,DRAFT_MUTABLE_THEN_FROZEN,business_rule_id,scope_location_id + scope_product_id + rule_code + version_no [NULLS NOT DISTINCT：空值也参与去重],approved_by_user_id | created_by_user_id | scope_product_id,NONE,DECLARED_READER_ROLES + DOMAIN_WRITER_ONLY,草稿可编辑；发布、发送或生效后冻结并新建版本；终态由数据库冻结门禁保护,RESTRICT_OR_NO_ACTION_ACROSS_BUSINESS_FACTS; archival/retention workflow only; CASCADE requires separate approval,"SCHEMA_VALIDATION: BEFORE INSERT/UPDATE validator dispatches by rule_code + schema_version, validates rule_value types/ranges/allowed keys, and rejects unknown keys or unsupported versions before approval | UPDATED_AT_GUARD: only approved write function/trigger may change updated_at",DESIGN_ONLY_NOT_EXECUTED
hr_job_requisition,CORE_BUSINESS,CORE_MIGRATION,HR 招聘流程,CONTROLLED_WORKFLOW,job_requisition_id,requisition_code,approved_by_user_id | created_by_user_id | location_id | role_id,NONE,LOCATION_SCOPE_SELECT + DOMAIN_WRITER_ONLY,只允许批准的状态机迁移并记录操作者和时间,RESTRICT_OR_NO_ACTION_ACROSS_BUSINESS_FACTS; archival/retention workflow only; CASCADE requires separate approval,UPDATED_AT_GUARD: only approved write function/trigger may change updated_at,DESIGN_ONLY_NOT_EXECUTED
hr_application,CORE_BUSINESS,CORE_MIGRATION,HR 招聘流程,CONTROLLED_UPDATE,application_id,source_system_id + source_application_id [NULLS DISTINCT：仅非空值去重，允许多条空值],created_by_user_id | job_requisition_id | person_id,NONE,DECLARED_READER_ROLES + DOMAIN_WRITER_ONLY,主数据允许受权限、审计和并发控制的更新,RESTRICT_OR_NO_ACTION_ACROSS_BUSINESS_FACTS; archival/retention workflow only; CASCADE requires separate approval,UPDATED_AT_GUARD: only approved write function/trigger may change updated_at,DESIGN_ONLY_NOT_EXECUTED
hr_application_stage_event,CORE_BUSINESS,CORE_MIGRATION,HR 招聘流程或渠道同步,APPEND_ONLY_DECISION_RECORD,application_stage_event_id,event_key,actor_user_id | application_id | job_run_id | source_system_id,NONE,DECLARED_READER_ROLES + DOMAIN_WRITER_ONLY,人工/系统决策只追加，原决定和差异永久可追溯,RESTRICT_OR_NO_ACTION_ACROSS_BUSINESS_FACTS; archival/retention workflow only; CASCADE requires separate approval,NONE,DESIGN_ONLY_NOT_EXECUTED
hr_appointment,CORE_BUSINESS,CORE_MIGRATION,HR 招聘流程,CONTROLLED_UPDATE,appointment_id,NONE_BEYOND_PRIMARY_KEY,application_id | confirmed_by_user_id | created_by_user_id | location_id,NONE,LOCATION_SCOPE_SELECT + DOMAIN_WRITER_ONLY,主数据允许受权限、审计和并发控制的更新,RESTRICT_OR_NO_ACTION_ACROSS_BUSINESS_FACTS; archival/retention workflow only; CASCADE requires separate approval,UPDATED_AT_GUARD: only approved write function/trigger may change updated_at,DESIGN_ONLY_NOT_EXECUTED
hr_assessment,CORE_BUSINESS,CORE_MIGRATION,HR或业务面试官,APPEND_ONLY,assessment_id,NONE_BEYOND_PRIMARY_KEY,application_id | appointment_id | assessor_employment_id,NONE,DECLARED_READER_ROLES + DOMAIN_WRITER_ONLY,写入后不可修改；更正追加新事实或冲销事件；应用角色拒绝 UPDATE/DELETE，更正追加新事实或冲销事件,RESTRICT_OR_NO_ACTION_ACROSS_BUSINESS_FACTS; archival/retention workflow only; CASCADE requires separate approval,NONE,DESIGN_ONLY_NOT_EXECUTED
hr_assessment_score,CORE_BUSINESS,CORE_MIGRATION,HR或业务面试官,APPEND_ONLY,assessment_score_id,assessment_id + criterion_code,NONE,NONE,DECLARED_READER_ROLES + DOMAIN_WRITER_ONLY,写入后不可修改；更正追加新事实或冲销事件；应用角色拒绝 UPDATE/DELETE，更正追加新事实或冲销事件,RESTRICT_OR_NO_ACTION_ACROSS_BUSINESS_FACTS; archival/retention workflow only; CASCADE requires separate approval,NONE,DESIGN_ONLY_NOT_EXECUTED
hr_offer,CORE_BUSINESS,CORE_MIGRATION,HR 招聘流程,DRAFT_MUTABLE_THEN_FROZEN,offer_id,application_id + version_no,created_by_user_id | location_id | role_id | supersedes_offer_id,NONE,RESTRICTED_COLUMN_PATH + LOCATION_SCOPE_SELECT + DOMAIN_WRITER_ONLY,草稿可编辑；发布、发送或生效后冻结并新建版本；终态由数据库冻结门禁保护,RESTRICT_OR_NO_ACTION_ACROSS_BUSINESS_FACTS; archival/retention workflow only; CASCADE requires separate approval,"SCHEMA_VALIDATION: sole offer draft-write and send functions validate compensation_summary by compensation_schema_version, require currency and typed nonnegative pay items, reject unknown keys, and revoke direct compensation writes from application roles | UPDATED_AT_GUARD: only approved write function/trigger may change updated_at",DESIGN_ONLY_NOT_EXECUTED
hr_onboarding_task,EXTENSION_PACK:TRAINING_AND_ONBOARDING,PLANNED_MODULE,HR 入职流程,CONTROLLED_UPDATE,onboarding_task_id,employment_id + task_code,completed_by_user_id | created_by_user_id,NONE,RESTRICTED_COLUMN_PATH + EXPLICIT_PRIVILEGED_READER + DOMAIN_WRITER_ONLY,主数据允许受权限、审计和并发控制的更新,RESTRICT_OR_NO_ACTION_ACROSS_BUSINESS_FACTS; archival/retention workflow only; CASCADE requires separate approval,UPDATED_AT_GUARD: only approved write function/trigger may change updated_at,DESIGN_ONLY_NOT_EXECUTED
hr_employee_event,CORE_BUSINESS,CORE_MIGRATION,HR 人事流程,APPEND_ONLY_DECISION_RECORD,employee_event_id,NONE_BEYOND_PRIMARY_KEY,employment_id | from_location_id | recorded_by_user_id | to_location_id,NONE,RESTRICTED_COLUMN_PATH + LOCATION_SCOPE_SELECT + DOMAIN_WRITER_ONLY,人工/系统决策只追加，原决定和差异永久可追溯,RESTRICT_OR_NO_ACTION_ACROSS_BUSINESS_FACTS; archival/retention workflow only; CASCADE requires separate approval,SCHEMA_VALIDATION: sole append function validates event_data by event_type + event_schema_version; unknown keys and unsupported versions are rejected; application roles cannot insert directly,DESIGN_ONLY_NOT_EXECUTED
hr_screening_rule,CORE_BUSINESS,CORE_MIGRATION,HR规则审核流程,DRAFT_MUTABLE_THEN_FROZEN,screening_rule_id,rule_code + version_no,approved_by_user_id | created_by_user_id | role_id,NONE,DECLARED_READER_ROLES + DOMAIN_WRITER_ONLY,草稿可编辑；发布、发送或生效后冻结并新建版本；终态由数据库冻结门禁保护,RESTRICT_OR_NO_ACTION_ACROSS_BUSINESS_FACTS; archival/retention workflow only; CASCADE requires separate approval,"SCHEMA_VALIDATION: sole screening-rule draft-write and approval functions validate rule_definition by rule_type + rule_schema_version, reject unknown keys and protected discrimination inputs, and revoke direct rule_definition writes from application roles | UPDATED_AT_GUARD: only approved write function/trigger may change updated_at",DESIGN_ONLY_NOT_EXECUTED
hr_training_course,EXTENSION_PACK:TRAINING_AND_ONBOARDING,PLANNED_MODULE,HR培训管理,CONTROLLED_UPDATE,training_course_id,course_code,created_by_user_id,NONE,DECLARED_READER_ROLES + DOMAIN_WRITER_ONLY,主数据允许受权限、审计和并发控制的更新,RESTRICT_OR_NO_ACTION_ACROSS_BUSINESS_FACTS; archival/retention workflow only; CASCADE requires separate approval,UPDATED_AT_GUARD: only approved write function/trigger may change updated_at,DESIGN_ONLY_NOT_EXECUTED
hr_training_course_version,EXTENSION_PACK:TRAINING_AND_ONBOARDING,PLANNED_MODULE,HR培训管理,DRAFT_MUTABLE_THEN_FROZEN,training_course_version_id,training_course_id + version_no,created_by_user_id,NONE,DECLARED_READER_ROLES + DOMAIN_WRITER_ONLY,草稿可编辑；发布、发送或生效后冻结并新建版本；终态由数据库冻结门禁保护,RESTRICT_OR_NO_ACTION_ACROSS_BUSINESS_FACTS; archival/retention workflow only; CASCADE requires separate approval,UPDATED_AT_GUARD: only approved write function/trigger may change updated_at,DESIGN_ONLY_NOT_EXECUTED
hr_training_assignment,EXTENSION_PACK:TRAINING_AND_ONBOARDING,PLANNED_MODULE,HR或门店培训负责人,CONTROLLED_WORKFLOW,training_assignment_id,NONE_BEYOND_PRIMARY_KEY,assigned_by_user_id | employment_id | training_course_version_id,NONE,DECLARED_READER_ROLES + DOMAIN_WRITER_ONLY,只允许批准的状态机迁移并记录操作者和时间,RESTRICT_OR_NO_ACTION_ACROSS_BUSINESS_FACTS; archival/retention workflow only; CASCADE requires separate approval,UPDATED_AT_GUARD: only approved write function/trigger may change updated_at,DESIGN_ONLY_NOT_EXECUTED
hr_training_result,EXTENSION_PACK:TRAINING_AND_ONBOARDING,PLANNED_MODULE,培训系统或负责人,APPEND_ONLY,training_result_id,training_assignment_id + attempt_no,verified_by_user_id,NONE,RESTRICTED_COLUMN_PATH + EXPLICIT_PRIVILEGED_READER + DOMAIN_WRITER_ONLY,写入后不可修改；更正追加新事实或冲销事件；应用角色拒绝 UPDATE/DELETE，更正追加新事实或冲销事件,RESTRICT_OR_NO_ACTION_ACROSS_BUSINESS_FACTS; archival/retention workflow only; CASCADE requires separate approval,NONE,DESIGN_ONLY_NOT_EXECUTED
ops_role,CORE_BUSINESS,CORE_MIGRATION,BakeryOps 运营主数据,CONTROLLED_UPDATE,role_id,role_code,created_by_user_id,NONE,DECLARED_READER_ROLES + DOMAIN_WRITER_ONLY,主数据允许受权限、审计和并发控制的更新,RESTRICT_OR_NO_ACTION_ACROSS_BUSINESS_FACTS; archival/retention workflow only; CASCADE requires separate approval,UPDATED_AT_GUARD: only approved write function/trigger may change updated_at,DESIGN_ONLY_NOT_EXECUTED
ops_station,EXTENSION_PACK:SHIFT_AND_WORKFORCE,PLANNED_MODULE,BakeryOps 运营主数据,CONTROLLED_UPDATE,station_id,station_code,created_by_user_id | default_location_id,NONE,DECLARED_READER_ROLES + DOMAIN_WRITER_ONLY,主数据允许受权限、审计和并发控制的更新,RESTRICT_OR_NO_ACTION_ACROSS_BUSINESS_FACTS; archival/retention workflow only; CASCADE requires separate approval,UPDATED_AT_GUARD: only approved write function/trigger may change updated_at,DESIGN_ONLY_NOT_EXECUTED
ops_role_training_requirement,EXTENSION_PACK:TRAINING_AND_ONBOARDING,PLANNED_MODULE,运营与HR共同维护,CONTROLLED_UPDATE,role_training_requirement_id,role_id + training_course_id + valid_from,created_by_user_id | training_course_id,NONE,DECLARED_READER_ROLES + DOMAIN_WRITER_ONLY,主数据允许受权限、审计和并发控制的更新,RESTRICT_OR_NO_ACTION_ACROSS_BUSINESS_FACTS; archival/retention workflow only; CASCADE requires separate approval,UPDATED_AT_GUARD: only approved write function/trigger may change updated_at,DESIGN_ONLY_NOT_EXECUTED
ops_shift_plan_version,EXTENSION_PACK:SHIFT_AND_WORKFORCE,PLANNED_MODULE,BakeryOps；审批人改变状态,DRAFT_MUTABLE_THEN_FROZEN,shift_plan_version_id,location_id + business_date + version_no,approved_by_user_id | based_on_version_id | created_by_user_id | source_job_run_id | workload_run_id,NONE,LOCATION_SCOPE_SELECT + DOMAIN_WRITER_ONLY,草稿可编辑；发布、发送或生效后冻结并新建版本；终态由数据库冻结门禁保护,RESTRICT_OR_NO_ACTION_ACROSS_BUSINESS_FACTS; archival/retention workflow only; CASCADE requires separate approval,FREEZE_TRIGGER: published/rejected/cancelled/superseded version and child rows are immutable | UPDATED_AT_GUARD: only approved write function/trigger may change updated_at,DESIGN_ONLY_NOT_EXECUTED
ops_shift_requirement,EXTENSION_PACK:SHIFT_AND_WORKFORCE,PLANNED_MODULE,BakeryOps 排班流程,APPEND_ONLY,shift_requirement_id,shift_plan_version_id + shift_start + shift_end + role_id + station_id [NULLS NOT DISTINCT：空值也参与去重],role_id | station_id | workload_line_id,NONE,DECLARED_READER_ROLES + DOMAIN_WRITER_ONLY,写入后不可修改；更正追加新事实或冲销事件；应用角色拒绝 UPDATE/DELETE，更正追加新事实或冲销事件,RESTRICT_OR_NO_ACTION_ACROSS_BUSINESS_FACTS; archival/retention workflow only; CASCADE requires separate approval,NONE,DESIGN_ONLY_NOT_EXECUTED
ops_shift_assignment,EXTENSION_PACK:SHIFT_AND_WORKFORCE,PLANNED_MODULE,BakeryOps 排班流程,CONTROLLED_UPDATE,shift_assignment_id,shift_requirement_id + employment_id + assigned_start + assigned_end,created_by_user_id | employment_id | override_approved_by_user_id,NONE,DECLARED_READER_ROLES + DOMAIN_WRITER_ONLY,主数据允许受权限、审计和并发控制的更新,RESTRICT_OR_NO_ACTION_ACROSS_BUSINESS_FACTS; archival/retention workflow only; CASCADE requires separate approval,CONSTRAINT_TRIGGER: no employment time overlap and critical role eligibility must be valid at shift start | UPDATED_AT_GUARD: only approved write function/trigger may change updated_at,DESIGN_ONLY_NOT_EXECUTED
hr_timesheet_sync_batch,SOURCE_CONDITIONAL,SOURCE_CONDITIONAL,BakeryOps 工时同步任务,CONTROLLED_UPDATE_UNTIL_TERMINAL,timesheet_sync_batch_id,source_system_id + source_batch_id [NULLS DISTINCT：仅非空值去重，允许多条空值] | idempotency_key,job_run_id,NONE,DECLARED_READER_ROLES + DOMAIN_WRITER_ONLY,运行或同步进入终态前可更新，终态后冻结并以新运行重算,RESTRICT_OR_NO_ACTION_ACROSS_BUSINESS_FACTS; archival/retention workflow only; CASCADE requires separate approval,UPDATED_AT_GUARD: only approved write function/trigger may change updated_at,DESIGN_ONLY_NOT_EXECUTED
hr_timesheet_entry,SOURCE_CONDITIONAL,SOURCE_CONDITIONAL,BakeryOps 工时同步任务,APPEND_ONLY,timesheet_entry_id,timesheet_sync_batch_id + source_entry_id,employment_id | location_id | role_id,shift_assignment_id -> ops_shift_assignment.shift_assignment_id @ EXTENSION_PACK:SHIFT_AND_WORKFORCE | station_id -> ops_station.station_id @ EXTENSION_PACK:SHIFT_AND_WORKFORCE,RESTRICTED_COLUMN_PATH + LOCATION_SCOPE_SELECT + DOMAIN_WRITER_ONLY,写入后不可修改；更正追加新事实或冲销事件；应用角色拒绝 UPDATE/DELETE，更正追加新事实或冲销事件,RESTRICT_OR_NO_ACTION_ACROSS_BUSINESS_FACTS; archival/retention workflow only; CASCADE requires separate approval,NONE,DESIGN_ONLY_NOT_EXECUTED
scm_material_unit_conversion,CORE_BUSINESS,CORE_MIGRATION,供应链主数据审核,DRAFT_MUTABLE_THEN_FROZEN,material_unit_conversion_id,material_id + from_unit_id + to_unit_id + valid_from,created_by_user_id | from_unit_id | source_system_id | to_unit_id | verified_by_user_id,NONE,DECLARED_READER_ROLES + DOMAIN_WRITER_ONLY,草稿可编辑；发布、发送或生效后冻结并新建版本；终态由数据库冻结门禁保护,RESTRICT_OR_NO_ACTION_ACROSS_BUSINESS_FACTS; archival/retention workflow only; CASCADE requires separate approval,UPDATED_AT_GUARD: only approved write function/trigger may change updated_at,DESIGN_ONLY_NOT_EXECUTED
scm_supplier,CORE_BUSINESS,CORE_MIGRATION,供应链主数据流程,CONTROLLED_UPDATE,supplier_id,supplier_code,created_by_user_id,NONE,RESTRICTED_COLUMN_PATH + EXPLICIT_PRIVILEGED_READER + DOMAIN_WRITER_ONLY,主数据允许受权限、审计和并发控制的更新,RESTRICT_OR_NO_ACTION_ACROSS_BUSINESS_FACTS; archival/retention workflow only; CASCADE requires separate approval,UPDATED_AT_GUARD: only approved write function/trigger may change updated_at,DESIGN_ONLY_NOT_EXECUTED
scm_supplier_item,CORE_BUSINESS,CORE_MIGRATION,供应链主数据流程,DRAFT_MUTABLE_THEN_FROZEN,supplier_item_id,supplier_id + supplier_sku + valid_from,confirmed_by_user_id | created_by_user_id | material_id | material_unit_conversion_id | order_unit_id | supersedes_supplier_item_id,NONE,DECLARED_READER_ROLES + DOMAIN_WRITER_ONLY,草稿可编辑；发布、发送或生效后冻结并新建版本；终态由数据库冻结门禁保护,RESTRICT_OR_NO_ACTION_ACROSS_BUSINESS_FACTS; archival/retention workflow only; CASCADE requires separate approval,UPDATED_AT_GUARD: only approved write function/trigger may change updated_at,DESIGN_ONLY_NOT_EXECUTED
scm_supplier_item_mapping_review,EXTENSION_PACK:PROCUREMENT_AND_INVENTORY,PLANNED_MODULE,供应链主数据审核,CONTROLLED_WORKFLOW,supplier_item_mapping_review_id,NONE_BEYOND_PRIMARY_KEY,candidate_material_id | created_by_user_id | reviewed_by_user_id | supplier_item_id,NONE,DECLARED_READER_ROLES + DOMAIN_WRITER_ONLY,只允许批准的状态机迁移并记录操作者和时间,RESTRICT_OR_NO_ACTION_ACROSS_BUSINESS_FACTS; archival/retention workflow only; CASCADE requires separate approval,UPDATED_AT_GUARD: only approved write function/trigger may change updated_at,DESIGN_ONLY_NOT_EXECUTED
scm_inventory_count,EXTENSION_PACK:PROCUREMENT_AND_INVENTORY,PLANNED_MODULE,仓库或门店库存流程,CONTROLLED_UPDATE,inventory_count_id,count_code,approved_by_user_id | created_by_user_id | location_id | source_system_id,NONE,LOCATION_SCOPE_SELECT + DOMAIN_WRITER_ONLY,主数据允许受权限、审计和并发控制的更新,RESTRICT_OR_NO_ACTION_ACROSS_BUSINESS_FACTS; archival/retention workflow only; CASCADE requires separate approval,UPDATED_AT_GUARD: only approved write function/trigger may change updated_at,DESIGN_ONLY_NOT_EXECUTED
scm_inventory_count_line,EXTENSION_PACK:PROCUREMENT_AND_INVENTORY,PLANNED_MODULE,仓库或门店库存流程,APPEND_ONLY,inventory_count_line_id,inventory_count_id + material_id + lot_code [NULLS NOT DISTINCT：空值也参与去重],material_id | material_unit_conversion_id | raw_unit_id,NONE,DECLARED_READER_ROLES + DOMAIN_WRITER_ONLY,写入后不可修改；更正追加新事实或冲销事件；应用角色拒绝 UPDATE/DELETE，更正追加新事实或冲销事件,RESTRICT_OR_NO_ACTION_ACROSS_BUSINESS_FACTS; archival/retention workflow only; CASCADE requires separate approval,NONE,DESIGN_ONLY_NOT_EXECUTED
scm_inventory_movement,EXTENSION_PACK:PROCUREMENT_AND_INVENTORY,PLANNED_MODULE,供应链库存服务,DRAFT_MUTABLE_THEN_FROZEN,inventory_movement_id,NONE_BEYOND_PRIMARY_KEY,created_by_user_id | from_location_id | goods_receipt_id | inventory_count_id | reverses_movement_id | to_location_id,production_run_id -> ops_production_run.production_run_id @ EXTENSION_PACK:PROCUREMENT_AND_INVENTORY+PRODUCTION_EXECUTION,LOCATION_SCOPE_SELECT + DOMAIN_WRITER_ONLY,草稿可编辑；发布、发送或生效后冻结并新建版本；终态由数据库冻结门禁保护,RESTRICT_OR_NO_ACTION_ACROSS_BUSINESS_FACTS; archival/retention workflow only; CASCADE requires separate approval,UPDATED_AT_GUARD: only approved write function/trigger may change updated_at,DESIGN_ONLY_NOT_EXECUTED
scm_inventory_movement_line,EXTENSION_PACK:PROCUREMENT_AND_INVENTORY,PLANNED_MODULE,供应链库存服务,APPEND_ONLY,inventory_movement_line_id,inventory_movement_id + material_id + lot_code [NULLS NOT DISTINCT：空值也参与去重],material_id,NONE,DECLARED_READER_ROLES + DOMAIN_WRITER_ONLY,写入后不可修改；更正追加新事实或冲销事件；应用角色拒绝 UPDATE/DELETE，更正追加新事实或冲销事件,RESTRICT_OR_NO_ACTION_ACROSS_BUSINESS_FACTS; archival/retention workflow only; CASCADE requires separate approval,NONE,DESIGN_ONLY_NOT_EXECUTED
scm_material_requirement_run,EXTENSION_PACK:PROCUREMENT_AND_INVENTORY,PLANNED_MODULE,BakeryOps供应链任务,CONTROLLED_UPDATE_UNTIL_TERMINAL,material_requirement_run_id,NONE_BEYOND_PRIMARY_KEY,job_run_id | location_id | production_plan_version_id,NONE,LOCATION_SCOPE_SELECT + DOMAIN_WRITER_ONLY,运行或同步进入终态前可更新，终态后冻结并以新运行重算,RESTRICT_OR_NO_ACTION_ACROSS_BUSINESS_FACTS; archival/retention workflow only; CASCADE requires separate approval,UPDATED_AT_GUARD: only approved write function/trigger may change updated_at,DESIGN_ONLY_NOT_EXECUTED
scm_material_requirement_component,EXTENSION_PACK:PROCUREMENT_AND_INVENTORY,PLANNED_MODULE,BakeryOps供应链任务,APPEND_ONLY,material_requirement_component_id,material_requirement_run_id + production_plan_line_id + component_index,material_id | production_plan_line_id | recipe_component_id,NONE,DECLARED_READER_ROLES + DOMAIN_WRITER_ONLY,写入后不可修改；更正追加新事实或冲销事件；应用角色拒绝 UPDATE/DELETE，更正追加新事实或冲销事件,RESTRICT_OR_NO_ACTION_ACROSS_BUSINESS_FACTS; archival/retention workflow only; CASCADE requires separate approval,NONE,DESIGN_ONLY_NOT_EXECUTED
scm_replenishment_run,EXTENSION_PACK:PROCUREMENT_AND_INVENTORY,PLANNED_MODULE,BakeryOps供应链任务,CONTROLLED_UPDATE_UNTIL_TERMINAL,replenishment_run_id,NONE_BEYOND_PRIMARY_KEY,job_run_id | location_id | material_requirement_run_id,NONE,LOCATION_SCOPE_SELECT + DOMAIN_WRITER_ONLY,运行或同步进入终态前可更新，终态后冻结并以新运行重算,RESTRICT_OR_NO_ACTION_ACROSS_BUSINESS_FACTS; archival/retention workflow only; CASCADE requires separate approval,UPDATED_AT_GUARD: only approved write function/trigger may change updated_at,DESIGN_ONLY_NOT_EXECUTED
scm_replenishment_line,EXTENSION_PACK:PROCUREMENT_AND_INVENTORY,PLANNED_MODULE,BakeryOps计算；采购人员批准,CONTROLLED_WORKFLOW,replenishment_line_id,replenishment_run_id + material_id + supplier_item_id [NULLS NOT DISTINCT：空值也参与去重],approved_by_user_id | created_by_user_id | material_id | supplier_item_id,NONE,DECLARED_READER_ROLES + DOMAIN_WRITER_ONLY,只允许批准的状态机迁移并记录操作者和时间,RESTRICT_OR_NO_ACTION_ACROSS_BUSINESS_FACTS; archival/retention workflow only; CASCADE requires separate approval,UPDATED_AT_GUARD: only approved write function/trigger may change updated_at,DESIGN_ONLY_NOT_EXECUTED
scm_purchase_order_revision,EXTENSION_PACK:PROCUREMENT_AND_INVENTORY,PLANNED_MODULE,采购流程；审批人改变状态,DRAFT_MUTABLE_THEN_FROZEN,purchase_order_revision_id,purchase_order_code + revision_no,approved_by_user_id | based_on_revision_id | created_by_user_id | deliver_to_location_id | supplier_id,NONE,LOCATION_SCOPE_SELECT + DOMAIN_WRITER_ONLY,草稿可编辑；发布、发送或生效后冻结并新建版本；终态由数据库冻结门禁保护,RESTRICT_OR_NO_ACTION_ACROSS_BUSINESS_FACTS; archival/retention workflow only; CASCADE requires separate approval,FREEZE_TRIGGER: sent/confirmed/rejected/cancelled/superseded revision and lines are immutable | UPDATED_AT_GUARD: only approved write function/trigger may change updated_at,DESIGN_ONLY_NOT_EXECUTED
scm_purchase_order_line,EXTENSION_PACK:PROCUREMENT_AND_INVENTORY,PLANNED_MODULE,采购流程,APPEND_ONLY,purchase_order_line_id,purchase_order_revision_id + supplier_item_id,material_unit_conversion_id | order_unit_id | replenishment_line_id | supplier_item_id,NONE,DECLARED_READER_ROLES + DOMAIN_WRITER_ONLY,写入后不可修改；更正追加新事实或冲销事件；应用角色拒绝 UPDATE/DELETE，更正追加新事实或冲销事件,RESTRICT_OR_NO_ACTION_ACROSS_BUSINESS_FACTS; archival/retention workflow only; CASCADE requires separate approval,NONE,DESIGN_ONLY_NOT_EXECUTED
scm_goods_receipt,EXTENSION_PACK:PROCUREMENT_AND_INVENTORY,PLANNED_MODULE,仓库或门店收货流程,CONTROLLED_UPDATE,goods_receipt_id,receipt_code,created_by_user_id | location_id | purchase_order_revision_id | received_by_employment_id,NONE,LOCATION_SCOPE_SELECT + DOMAIN_WRITER_ONLY,主数据允许受权限、审计和并发控制的更新,RESTRICT_OR_NO_ACTION_ACROSS_BUSINESS_FACTS; archival/retention workflow only; CASCADE requires separate approval,UPDATED_AT_GUARD: only approved write function/trigger may change updated_at,DESIGN_ONLY_NOT_EXECUTED
scm_goods_receipt_line,EXTENSION_PACK:PROCUREMENT_AND_INVENTORY,PLANNED_MODULE,仓库或门店收货流程,APPEND_ONLY,goods_receipt_line_id,goods_receipt_id + purchase_order_line_id + lot_code [NULLS NOT DISTINCT：空值也参与去重],material_id | purchase_order_line_id,NONE,DECLARED_READER_ROLES + DOMAIN_WRITER_ONLY,写入后不可修改；更正追加新事实或冲销事件；应用角色拒绝 UPDATE/DELETE，更正追加新事实或冲销事件,RESTRICT_OR_NO_ACTION_ACROSS_BUSINESS_FACTS; archival/retention workflow only; CASCADE requires separate approval,DEFERRABLE_CONSTRAINT_TRIGGER: referenced PO line must belong to receipt header purchase_order_revision_id; material must match supplier item mapping,DESIGN_ONLY_NOT_EXECUTED
scm_supplier_price_observation,CORE_BUSINESS,CORE_MIGRATION,采购或收货流程,CONTROLLED_UPDATE_UNTIL_TERMINAL,supplier_price_observation_id,source_system_id + source_record_id [NULLS DISTINCT：仅非空值去重，允许多条空值] | goods_receipt_line_id + observation_type [NULLS DISTINCT：仅非空值去重，允许多条空值] | purchase_order_line_id + observation_type [NULLS DISTINCT：仅非空值去重，允许多条空值],material_unit_conversion_id | raw_price_unit_id | supplier_item_id | verified_by_user_id,goods_receipt_line_id -> scm_goods_receipt_line.goods_receipt_line_id @ EXTENSION_PACK:PROCUREMENT_AND_INVENTORY | purchase_order_line_id -> scm_purchase_order_line.purchase_order_line_id @ EXTENSION_PACK:PROCUREMENT_AND_INVENTORY,DECLARED_READER_ROLES + DOMAIN_WRITER_ONLY,运行或同步进入终态前可更新，终态后冻结并以新运行重算,RESTRICT_OR_NO_ACTION_ACROSS_BUSINESS_FACTS; archival/retention workflow only; CASCADE requires separate approval,UPDATED_AT_GUARD: only approved write function/trigger may change updated_at,DESIGN_ONLY_NOT_EXECUTED
cost_card_recipe_version,CORE_BUSINESS,CORE_MIGRATION,财务成本卡网站,DRAFT_MUTABLE_THEN_FROZEN,recipe_version_id,recipe_code + version_no,approved_by_user_id | created_by_user_id | output_material_id | output_product_id | yield_unit_id,NONE,DECLARED_READER_ROLES + DOMAIN_WRITER_ONLY,草稿可编辑；发布、发送或生效后冻结并新建版本；终态由数据库冻结门禁保护,RESTRICT_OR_NO_ACTION_ACROSS_BUSINESS_FACTS; archival/retention workflow only; CASCADE requires separate approval,FREEZE_TRIGGER: published/archived/rejected version and child components are immutable | UPDATED_AT_GUARD: only approved write function/trigger may change updated_at,DESIGN_ONLY_NOT_EXECUTED
cost_card_recipe_component,CORE_BUSINESS,CORE_MIGRATION,财务成本卡网站,APPEND_ONLY,recipe_component_id,recipe_version_id + sequence_no,input_unit_id | material_id | material_unit_conversion_id,NONE,DECLARED_READER_ROLES + DOMAIN_WRITER_ONLY,写入后不可修改；更正追加新事实或冲销事件；应用角色拒绝 UPDATE/DELETE，更正追加新事实或冲销事件,RESTRICT_OR_NO_ACTION_ACROSS_BUSINESS_FACTS; archival/retention workflow only; CASCADE requires separate approval,"SCHEMA_VALIDATION: recipe component write function requires condition_rule and condition_schema_version together only when is_optional=true, validates allowed variant keys/types, rejects unknown keys, and revokes direct component INSERT/UPDATE from application roles",DESIGN_ONLY_NOT_EXECUTED
cost_card_material_price,CORE_BUSINESS,CORE_MIGRATION,财务成本卡网站,DRAFT_MUTABLE_THEN_FROZEN,material_price_id,material_id + location_id + effective_from [NULLS NOT DISTINCT：空值也参与去重],approved_by_user_id | created_by_user_id | location_id | supplier_price_observation_id,NONE,LOCATION_SCOPE_SELECT + DOMAIN_WRITER_ONLY,草稿可编辑；发布、发送或生效后冻结并新建版本；终态由数据库冻结门禁保护,RESTRICT_OR_NO_ACTION_ACROSS_BUSINESS_FACTS; archival/retention workflow only; CASCADE requires separate approval,UPDATED_AT_GUARD: only approved write function/trigger may change updated_at,DESIGN_ONLY_NOT_EXECUTED
finance_import_batch,CORE_BUSINESS,CORE_MIGRATION,财务网站,CONTROLLED_UPDATE_UNTIL_TERMINAL,finance_import_batch_id,dataset_code + file_sha256 [NULLS DISTINCT：仅非空值去重，允许多条空值],approved_by_user_id | created_by_user_id | job_run_id | scope_location_id | source_system_id | supersedes_finance_import_batch_id,NONE,DECLARED_READER_ROLES + DOMAIN_WRITER_ONLY,运行或同步进入终态前可更新，终态后冻结并以新运行重算,RESTRICT_OR_NO_ACTION_ACROSS_BUSINESS_FACTS; archival/retention workflow only; CASCADE requires separate approval,UPDATED_AT_GUARD: only approved write function/trigger may change updated_at,DESIGN_ONLY_NOT_EXECUTED
finance_sales_daily,CORE_BUSINESS,CORE_MIGRATION,财务网站,APPEND_ONLY,finance_sales_daily_id,finance_import_batch_id + location_id + business_date,location_id,NONE,LOCATION_SCOPE_SELECT + DOMAIN_WRITER_ONLY,写入后不可修改；更正追加新事实或冲销事件；应用角色拒绝 UPDATE/DELETE，更正追加新事实或冲销事件,RESTRICT_OR_NO_ACTION_ACROSS_BUSINESS_FACTS; archival/retention workflow only; CASCADE requires separate approval,NONE,DESIGN_ONLY_NOT_EXECUTED
finance_item_sales_monthly,CORE_BUSINESS,CORE_MIGRATION,财务网站,APPEND_ONLY,finance_item_sales_monthly_id,finance_import_batch_id + location_id + business_month + source_item_name,location_id | product_id,NONE,LOCATION_SCOPE_SELECT + DOMAIN_WRITER_ONLY,写入后不可修改；更正追加新事实或冲销事件；应用角色拒绝 UPDATE/DELETE，更正追加新事实或冲销事件,RESTRICT_OR_NO_ACTION_ACROSS_BUSINESS_FACTS; archival/retention workflow only; CASCADE requires separate approval,NONE,DESIGN_ONLY_NOT_EXECUTED
finance_monthly_cost_line,CORE_BUSINESS,CORE_MIGRATION,财务网站,APPEND_ONLY,finance_monthly_cost_line_id,finance_import_batch_id + source_row_ref,location_id,NONE,LOCATION_SCOPE_SELECT + DOMAIN_WRITER_ONLY,写入后不可修改；更正追加新事实或冲销事件；应用角色拒绝 UPDATE/DELETE，更正追加新事实或冲销事件,RESTRICT_OR_NO_ACTION_ACROSS_BUSINESS_FACTS; archival/retention workflow only; CASCADE requires separate approval,NONE,DESIGN_ONLY_NOT_EXECUTED
finance_cashflow_line,CORE_BUSINESS,CORE_MIGRATION,财务网站,APPEND_ONLY,finance_cashflow_line_id,finance_import_batch_id + location_id + business_month + cashflow_code,location_id,NONE,LOCATION_SCOPE_SELECT + DOMAIN_WRITER_ONLY,写入后不可修改；更正追加新事实或冲销事件；应用角色拒绝 UPDATE/DELETE，更正追加新事实或冲销事件,RESTRICT_OR_NO_ACTION_ACROSS_BUSINESS_FACTS; archival/retention workflow only; CASCADE requires separate approval,NONE,DESIGN_ONLY_NOT_EXECUTED
finance_order_logistics_line,CORE_BUSINESS,CORE_MIGRATION,财务网站,APPEND_ONLY,finance_order_logistics_line_id,finance_import_batch_id + source_row_ref,location_id | material_id | supplier_id,NONE,LOCATION_SCOPE_SELECT + DOMAIN_WRITER_ONLY,写入后不可修改；更正追加新事实或冲销事件；应用角色拒绝 UPDATE/DELETE，更正追加新事实或冲销事件,RESTRICT_OR_NO_ACTION_ACROSS_BUSINESS_FACTS; archival/retention workflow only; CASCADE requires separate approval,NONE,DESIGN_ONLY_NOT_EXECUTED
finance_inventory_snapshot_line,CORE_BUSINESS,CORE_MIGRATION,财务网站,APPEND_ONLY,finance_inventory_snapshot_line_id,finance_import_batch_id + source_row_ref,location_id | material_id,NONE,LOCATION_SCOPE_SELECT + DOMAIN_WRITER_ONLY,写入后不可修改；更正追加新事实或冲销事件；应用角色拒绝 UPDATE/DELETE，更正追加新事实或冲销事件,RESTRICT_OR_NO_ACTION_ACROSS_BUSINESS_FACTS; archival/retention workflow only; CASCADE requires separate approval,NONE,DESIGN_ONLY_NOT_EXECUTED
finance_inventory_flow_line,CORE_BUSINESS,CORE_MIGRATION,财务网站,APPEND_ONLY,finance_inventory_flow_line_id,finance_import_batch_id + source_row_ref,location_id | material_id,NONE,LOCATION_SCOPE_SELECT + DOMAIN_WRITER_ONLY,写入后不可修改；更正追加新事实或冲销事件；应用角色拒绝 UPDATE/DELETE，更正追加新事实或冲销事件,RESTRICT_OR_NO_ACTION_ACROSS_BUSINESS_FACTS; archival/retention workflow only; CASCADE requires separate approval,NONE,DESIGN_ONLY_NOT_EXECUTED
finance_supplier_purchase_monthly,CORE_BUSINESS,CORE_MIGRATION,财务网站,APPEND_ONLY,finance_supplier_purchase_monthly_id,finance_import_batch_id + source_row_ref,location_id | material_id | supplier_id,NONE,LOCATION_SCOPE_SELECT + DOMAIN_WRITER_ONLY,写入后不可修改；更正追加新事实或冲销事件；应用角色拒绝 UPDATE/DELETE，更正追加新事实或冲销事件,RESTRICT_OR_NO_ACTION_ACROSS_BUSINESS_FACTS; archival/retention workflow only; CASCADE requires separate approval,NONE,DESIGN_ONLY_NOT_EXECUTED
finance_target,CORE_BUSINESS,CORE_MIGRATION,财务网站,DRAFT_MUTABLE_THEN_FROZEN,finance_target_id,location_id + business_month + metric_code + version_no [NULLS NOT DISTINCT：空值也参与去重],approved_by_user_id | created_by_user_id,NONE,LOCATION_SCOPE_SELECT + DOMAIN_WRITER_ONLY,草稿可编辑；发布、发送或生效后冻结并新建版本；终态由数据库冻结门禁保护,RESTRICT_OR_NO_ACTION_ACROSS_BUSINESS_FACTS; archival/retention workflow only; CASCADE requires separate approval,UPDATED_AT_GUARD: only approved write function/trigger may change updated_at,DESIGN_ONLY_NOT_EXECUTED
finance_monthly_metric,CORE_BUSINESS,CORE_MIGRATION,财务网站,APPEND_ONLY,finance_monthly_metric_id,finance_import_batch_id + location_id + business_month + metric_code,location_id,NONE,LOCATION_SCOPE_SELECT + DOMAIN_WRITER_ONLY,写入后不可修改；更正追加新事实或冲销事件；应用角色拒绝 UPDATE/DELETE，更正追加新事实或冲销事件,RESTRICT_OR_NO_ACTION_ACROSS_BUSINESS_FACTS; archival/retention workflow only; CASCADE requires separate approval,NONE,DESIGN_ONLY_NOT_EXECUTED
finance_period_category_map,CORE_BUSINESS,CORE_MIGRATION,财务网站,DRAFT_MUTABLE_THEN_FROZEN,period_category_map_id,source_major + source_sub + valid_from [NULLS NOT DISTINCT：空值也参与去重],approved_by_user_id | created_by_user_id,NONE,DECLARED_READER_ROLES + DOMAIN_WRITER_ONLY,草稿可编辑；发布、发送或生效后冻结并新建版本；终态由数据库冻结门禁保护,RESTRICT_OR_NO_ACTION_ACROSS_BUSINESS_FACTS; archival/retention workflow only; CASCADE requires separate approval,UPDATED_AT_GUARD: only approved write function/trigger may change updated_at,DESIGN_ONLY_NOT_EXECUTED
mkt_campaign_version,CORE_BUSINESS,CORE_MIGRATION,营销/HBTI后台,DRAFT_MUTABLE_THEN_FROZEN,campaign_version_id,campaign_code + version_no,approved_by_user_id | created_by_user_id | location_id,NONE,LOCATION_SCOPE_SELECT + DOMAIN_WRITER_ONLY,草稿可编辑；发布、发送或生效后冻结并新建版本；终态由数据库冻结门禁保护,RESTRICT_OR_NO_ACTION_ACROSS_BUSINESS_FACTS; archival/retention workflow only; CASCADE requires separate approval,"FREEZE_TRIGGER: published/archived/rejected version, questions and options are immutable | SCHEMA_VALIDATION: sole campaign draft-write and publish functions validate audience_rule, participation_rule and reward_rule by campaign_type + rule_schema_version; unknown keys or unsupported versions are rejected, and application roles have no direct rule-column UPDATE grant | UPDATED_AT_GUARD: only approved write function/trigger may change updated_at",DESIGN_ONLY_NOT_EXECUTED
mkt_campaign_member,CORE_BUSINESS,CORE_MIGRATION,营销/HBTI后台,CONTROLLED_WORKFLOW,campaign_member_id,campaign_version_id + member_id,member_id,NONE,DECLARED_READER_ROLES + DOMAIN_WRITER_ONLY,只允许批准的状态机迁移并记录操作者和时间,RESTRICT_OR_NO_ACTION_ACROSS_BUSINESS_FACTS; archival/retention workflow only; CASCADE requires separate approval,UPDATED_AT_GUARD: only approved write function/trigger may change updated_at,DESIGN_ONLY_NOT_EXECUTED
mkt_survey_question,CORE_BUSINESS,CORE_MIGRATION,营销/HBTI后台,DRAFT_MUTABLE_THEN_FROZEN,survey_question_id,campaign_version_id + question_code | campaign_version_id + sequence_no,created_by_user_id,NONE,DECLARED_READER_ROLES + DOMAIN_WRITER_ONLY,草稿可编辑；发布、发送或生效后冻结并新建版本；终态由数据库冻结门禁保护,RESTRICT_OR_NO_ACTION_ACROSS_BUSINESS_FACTS; archival/retention workflow only; CASCADE requires separate approval,SCHEMA_VALIDATION: campaign question write function validates validation_rule by question_type + validation_schema_version; unknown keys or unsupported versions are rejected and published questions cannot be updated directly | UPDATED_AT_GUARD: only approved write function/trigger may change updated_at,DESIGN_ONLY_NOT_EXECUTED
mkt_survey_question_option,CORE_BUSINESS,CORE_MIGRATION,营销/HBTI后台,DRAFT_MUTABLE_THEN_FROZEN,survey_question_option_id,survey_question_id + option_code | survey_question_id + sequence_no,created_by_user_id,NONE,DECLARED_READER_ROLES + DOMAIN_WRITER_ONLY,草稿可编辑；发布、发送或生效后冻结并新建版本；终态由数据库冻结门禁保护,RESTRICT_OR_NO_ACTION_ACROSS_BUSINESS_FACTS; archival/retention workflow only; CASCADE requires separate approval,UPDATED_AT_GUARD: only approved write function/trigger may change updated_at,DESIGN_ONLY_NOT_EXECUTED
mkt_survey_response,CORE_BUSINESS,CORE_MIGRATION,HBTI应用,CONTROLLED_UPDATE_UNTIL_TERMINAL,survey_response_id,campaign_member_id + attempt_no [NULLS NOT DISTINCT：空值也参与去重] | source_system_id + source_response_id,NONE,NONE,DECLARED_READER_ROLES + DOMAIN_WRITER_ONLY,运行或同步进入终态前可更新，终态后冻结并以新运行重算,RESTRICT_OR_NO_ACTION_ACROSS_BUSINESS_FACTS; archival/retention workflow only; CASCADE requires separate approval,UPDATED_AT_GUARD: only approved write function/trigger may change updated_at,DESIGN_ONLY_NOT_EXECUTED
mkt_survey_answer,CORE_BUSINESS,CORE_MIGRATION,HBTI应用,APPEND_ONLY,survey_answer_id,survey_response_id + survey_question_id + value_index,selected_option_id | survey_question_id,NONE,RESTRICTED_COLUMN_PATH + EXPLICIT_PRIVILEGED_READER + DOMAIN_WRITER_ONLY,写入后不可修改；更正追加新事实或冲销事件；应用角色拒绝 UPDATE/DELETE，更正追加新事实或冲销事件,RESTRICT_OR_NO_ACTION_ACROSS_BUSINESS_FACTS; archival/retention workflow only; CASCADE requires separate approval,NONE,DESIGN_ONLY_NOT_EXECUTED
mkt_survey_result,CORE_BUSINESS,CORE_MIGRATION,HBTI结果计算服务,APPEND_ONLY,survey_result_id,survey_response_id + result_type + algorithm_version | source_system_id + source_result_id [NULLS DISTINCT：仅非空值去重，允许多条空值],NONE,NONE,DECLARED_READER_ROLES + DOMAIN_WRITER_ONLY,写入后不可修改；更正追加新事实或冲销事件；应用角色拒绝 UPDATE/DELETE，更正追加新事实或冲销事件,RESTRICT_OR_NO_ACTION_ACROSS_BUSINESS_FACTS; archival/retention workflow only; CASCADE requires separate approval,NONE,DESIGN_ONLY_NOT_EXECUTED
mkt_reward,CORE_BUSINESS,CORE_MIGRATION,营销后台,CONTROLLED_UPDATE,reward_id,reward_code,created_by_user_id | product_id,NONE,DECLARED_READER_ROLES + DOMAIN_WRITER_ONLY,主数据允许受权限、审计和并发控制的更新,RESTRICT_OR_NO_ACTION_ACROSS_BUSINESS_FACTS; archival/retention workflow only; CASCADE requires separate approval,UPDATED_AT_GUARD: only approved write function/trigger may change updated_at,DESIGN_ONLY_NOT_EXECUTED
mkt_reward_stock,CORE_BUSINESS,CORE_MIGRATION,HBTI/营销库存服务,CONTROLLED_WORKFLOW,reward_stock_id,campaign_version_id + location_id + reward_id [NULLS NOT DISTINCT：空值也参与去重] | reward_stock_id + reward_id,location_id | reward_id,NONE,LOCATION_SCOPE_SELECT + DOMAIN_WRITER_ONLY,只允许批准的状态机迁移并记录操作者和时间,RESTRICT_OR_NO_ACTION_ACROSS_BUSINESS_FACTS; archival/retention workflow only; CASCADE requires separate approval,UPDATED_AT_GUARD: only approved write function/trigger may change updated_at,DESIGN_ONLY_NOT_EXECUTED
mkt_reward_claim,CORE_BUSINESS,CORE_MIGRATION,HBTI/营销库存服务,CONTROLLED_WORKFLOW,reward_claim_id,idempotency_key | source_system_id + source_fulfillment_id [NULLS DISTINCT：仅非空值去重，允许多条空值],campaign_member_id | redeemed_by_user_id | reward_id | reward_stock_id + reward_id | survey_result_id,NONE,DECLARED_READER_ROLES + DOMAIN_WRITER_ONLY,只允许批准的状态机迁移并记录操作者和时间,RESTRICT_OR_NO_ACTION_ACROSS_BUSINESS_FACTS; archival/retention workflow only; CASCADE requires separate approval,"COMPOSITE_FK_REQUIRED: (reward_stock_id,reward_id) REFERENCES mkt_reward_stock(reward_stock_id,reward_id) MATCH SIMPLE; trigger is not an acceptable substitute | ATOMIC_WRITE_FUNCTION: stock-backed idempotent claim insert and reward_stock counter change in one transaction; stockless external fulfillment does not mutate stock | UPDATED_AT_GUARD: only approved write function/trigger may change updated_at",DESIGN_ONLY_NOT_EXECUTED
msg_conversation,CORE_PLATFORM,CORE_MIGRATION,BakeryOps消息服务,CONTROLLED_UPDATE,conversation_id,channel_code + external_conversation_id [NULLS DISTINCT：仅非空值去重，允许多条空值],app_user_id | application_id | member_id | person_id,NONE,RESTRICTED_COLUMN_PATH + EXPLICIT_PRIVILEGED_READER + DOMAIN_WRITER_ONLY,主数据允许受权限、审计和并发控制的更新,RESTRICT_OR_NO_ACTION_ACROSS_BUSINESS_FACTS; archival/retention workflow only; CASCADE requires separate approval,UPDATED_AT_GUARD: only approved write function/trigger may change updated_at,DESIGN_ONLY_NOT_EXECUTED
msg_message,CORE_PLATFORM,CORE_MIGRATION,BakeryOps消息服务,APPEND_ONLY,message_id,conversation_id + external_message_id [NULLS DISTINCT：仅非空值去重，允许多条空值] | outbound_message_id [NULLS DISTINCT：仅非空值去重，允许多条空值],NONE,NONE,RESTRICTED_COLUMN_PATH + EXPLICIT_PRIVILEGED_READER + DOMAIN_WRITER_ONLY,写入后不可修改；更正追加新事实或冲销事件；应用角色拒绝 UPDATE/DELETE，更正追加新事实或冲销事件,RESTRICT_OR_NO_ACTION_ACROSS_BUSINESS_FACTS; archival/retention workflow only; CASCADE requires separate approval,NONE,DESIGN_ONLY_NOT_EXECUTED
msg_conversation_state,CORE_PLATFORM,CORE_MIGRATION,BakeryOps编排器,CONTROLLED_WORKFLOW,conversation_state_id,conversation_id + workflow_code,NONE,NONE,RESTRICTED_COLUMN_PATH + EXPLICIT_PRIVILEGED_READER + DOMAIN_WRITER_ONLY,只允许批准的状态机迁移并记录操作者和时间,RESTRICT_OR_NO_ACTION_ACROSS_BUSINESS_FACTS; archival/retention workflow only; CASCADE requires separate approval,SCHEMA_VALIDATION: controlled workflow transition function validates collected_data and pending_action by workflow_code + workflow_version; unknown keys are rejected and direct state-table writes are revoked | UPDATED_AT_GUARD: only approved write function/trigger may change updated_at,DESIGN_ONLY_NOT_EXECUTED
msg_outbound_message,CORE_PLATFORM,CORE_MIGRATION,BakeryOps消息服务,CONTROLLED_QUEUE_STATE,outbound_message_id,idempotency_key | push_kind + recipient_ref + business_date [NULLS DISTINCT：仅非空值去重，允许多条空值],ai_call_id | appointment_id | campaign_member_id | conversation_id | job_run_id | queued_by_user_id | review_action_id,NONE,RESTRICTED_COLUMN_PATH + EXPLICIT_PRIVILEGED_READER + DOMAIN_WRITER_ONLY,只允许消息队列声明的状态迁移；尝试次数和最后错误从投递事实派生,RESTRICT_OR_NO_ACTION_ACROSS_BUSINESS_FACTS; archival/retention workflow only; CASCADE requires separate approval,CLAIM_FUNCTION: idempotency key conflict returns existing message; queue lease transitions are atomic | SCHEMA_VALIDATION: atomic enqueue function validates payload by template_code + template_version before claiming idempotency_key; unknown keys/templates are rejected and direct queue INSERT is revoked | UPDATED_AT_GUARD: only approved write function/trigger may change updated_at,DESIGN_ONLY_NOT_EXECUTED
msg_delivery_attempt,CORE_PLATFORM,CORE_MIGRATION,BakeryOps消息worker,APPEND_ONLY,delivery_attempt_id,outbound_message_id + attempt_no,NONE,NONE,DECLARED_READER_ROLES + DOMAIN_WRITER_ONLY,写入后不可修改；更正追加新事实或冲销事件；应用角色拒绝 UPDATE/DELETE，更正追加新事实或冲销事件,RESTRICT_OR_NO_ACTION_ACROSS_BUSINESS_FACTS; archival/retention workflow only; CASCADE requires separate approval,NONE,DESIGN_ONLY_NOT_EXECUTED
msg_delivery_event,EXTENSION_PACK:CHANNEL_RECEIPTS,PLANNED_MODULE,BakeryOps消息回执服务,APPEND_ONLY,delivery_event_id,source_system_id + source_event_id,delivery_attempt_id | message_id | outbound_message_id,NONE,DECLARED_READER_ROLES + DOMAIN_WRITER_ONLY,写入后不可修改；更正追加新事实或冲销事件；应用角色拒绝 UPDATE/DELETE，更正追加新事实或冲销事件,RESTRICT_OR_NO_ACTION_ACROSS_BUSINESS_FACTS; archival/retention workflow only; CASCADE requires separate approval,NONE,DESIGN_ONLY_NOT_EXECUTED
ai_prompt_segment,CORE_PLATFORM,CORE_MIGRATION,BakeryOps AI配置,DRAFT_MUTABLE_THEN_FROZEN,prompt_segment_id,segment_code + version_no,approved_by_user_id | created_by_user_id,NONE,DECLARED_READER_ROLES + DOMAIN_WRITER_ONLY,草稿可编辑；发布、发送或生效后冻结并新建版本；终态由数据库冻结门禁保护,RESTRICT_OR_NO_ACTION_ACROSS_BUSINESS_FACTS; archival/retention workflow only; CASCADE requires separate approval,SCHEMA_VALIDATION: approval function validates variable_schema as the approved JSON-Schema subset and rejects unsupported keywords before status can become APPROVED or ACTIVE | UPDATED_AT_GUARD: only approved write function/trigger may change updated_at,DESIGN_ONLY_NOT_EXECUTED
ai_prompt_template,CORE_PLATFORM,CORE_MIGRATION,BakeryOps AI配置,DRAFT_MUTABLE_THEN_FROZEN,prompt_template_id,template_code + version_no,approved_by_user_id | created_by_user_id,NONE,DECLARED_READER_ROLES + DOMAIN_WRITER_ONLY,草稿可编辑；发布、发送或生效后冻结并新建版本；终态由数据库冻结门禁保护,RESTRICT_OR_NO_ACTION_ACROSS_BUSINESS_FACTS; archival/retention workflow only; CASCADE requires separate approval,SCHEMA_VALIDATION: approval function validates output_schema as the approved JSON-Schema subset and rejects unsupported keywords before status can become APPROVED or ACTIVE | UPDATED_AT_GUARD: only approved write function/trigger may change updated_at,DESIGN_ONLY_NOT_EXECUTED
ai_prompt_template_segment,CORE_PLATFORM,CORE_MIGRATION,BakeryOps AI配置,APPEND_ONLY,prompt_template_segment_id,prompt_template_id + sequence_no,prompt_segment_id,NONE,DECLARED_READER_ROLES + DOMAIN_WRITER_ONLY,写入后不可修改；更正追加新事实或冲销事件；应用角色拒绝 UPDATE/DELETE，更正追加新事实或冲销事件,RESTRICT_OR_NO_ACTION_ACROSS_BUSINESS_FACTS; archival/retention workflow only; CASCADE requires separate approval,NONE,DESIGN_ONLY_NOT_EXECUTED
ai_call,CORE_PLATFORM,CORE_MIGRATION,BakeryOps AI服务,CONTROLLED_UPDATE_UNTIL_TERMINAL,ai_call_id,NONE_BEYOND_PRIMARY_KEY,actor_user_id | job_run_id | prompt_template_id,NONE,RESTRICTED_COLUMN_PATH + EXPLICIT_PRIVILEGED_READER + DOMAIN_WRITER_ONLY,运行或同步进入终态前可更新，终态后冻结并以新运行重算,RESTRICT_OR_NO_ACTION_ACROSS_BUSINESS_FACTS; archival/retention workflow only; CASCADE requires separate approval,SCHEMA_VALIDATION: terminal-write function validates parsed_output against the referenced ai_prompt_template.output_schema; validation_status=VALID is impossible on mismatch and direct terminal updates are revoked | UPDATED_AT_GUARD: only approved write function/trigger may change updated_at,DESIGN_ONLY_NOT_EXECUTED
