audit_position,model_version,table_name,chinese_name,domain,foundation_tier,lifecycle,row_grain,storage_class,minimum_grain_verdict,derivability,physical_reason,derived_fields_or_outputs,action,r5_status,claude_fable_5_result,writer,readers,mutation_policy
1,HOTCRUSH-CORE-V1-REVIEW-R6-2026-08-10,app_schema_migration,迁移版本台账,app,CORE_PLATFORM,CORE_MIGRATION,代码仓库 × 迁移版本一行,CORE_PLATFORM_STATE,PASS_PLATFORM_SIDECAR_NOT_BUSINESS_FACT,NOT_DERIVABLE_FOR_RECOVERY_OR_SECURITY,按代码仓库分别记录已执行的迁移，消除多个项目共用单一数字版本造成的冲突。；身份权限、幂等、安全、任务恢复、审计或投递恢复需要持久技术状态；它不是业务分析表。,,KEEP_IN_PHASE1,R5_PHYSICAL_CANDIDATE_REAUDITED_IN_R6,CLAUDE_CORE_KEEP,受控迁移执行器,所有项目,APPEND_ONLY
2,HOTCRUSH-CORE-V1-REVIEW-R6-2026-08-10,app_source_system,来源系统注册表,app,CORE_BUSINESS,CORE_MIGRATION,每个可区分的数据来源系统一行,CORE_MASTER_IDENTITY,PASS_MINIMUM_PHYSICAL_FOUNDATION,NO,登记 RES、Lark、财务模板、人工后台等数据来源及其责任边界。；稳定身份、有效期映射、单位换算或已发布定义无法从交易结果可靠反推。,,KEEP_IN_PHASE1,R5_PHYSICAL_CANDIDATE_REAUDITED_IN_R6,CLAUDE_CORE_KEEP,平台管理员,所有项目,CONTROLLED_UPDATE
3,HOTCRUSH-CORE-V1-REVIEW-R6-2026-08-10,app_unit,统一计量单位,app,CORE_BUSINESS,CORE_MIGRATION,一个受控计量单位一行,CORE_MASTER_IDENTITY,PASS_MINIMUM_PHYSICAL_FOUNDATION,NO,登记产品、原料、配方、采购和库存共同使用的计量单位；单位代码只表达计量含义，不夹带某个供应商包装规格。；稳定身份、有效期映射、单位换算或已发布定义无法从交易结果可靠反推。,,KEEP_IN_PHASE1,R5_PHYSICAL_CANDIDATE_REAUDITED_IN_R6,CLAUDE_CORE_KEEP,数据治理管理员,BakeryOps | 财务网站 | RES/POS | 分析/BI,CONTROLLED_UPDATE
4,HOTCRUSH-CORE-V1-REVIEW-R6-2026-08-10,app_job_run,自动任务运行记录,app,CORE_PLATFORM,CORE_MIGRATION,某个任务的一次运行一行,CORE_PLATFORM_STATE,PASS_PLATFORM_SIDECAR_NOT_BUSINESS_FACT,NOT_DERIVABLE_FOR_RECOVERY_OR_SECURITY,统一记录抓取、预测、成本计算和同步任务每次运行的输入窗口、结果和错误。；身份权限、幂等、安全、任务恢复、审计或投递恢复需要持久技术状态；它不是业务分析表。,,R6_MERGE_INTO: calendar imports and cost refreshes use the generic job-run ledger,R5_PHYSICAL_CANDIDATE_REAUDITED_IN_R6,CLAUDE_KEEP_PLUS_MERGED_R5_OBJECT,任务调度平台,所有项目 | 分析/BI,CONTROLLED_UPDATE_UNTIL_TERMINAL
5,HOTCRUSH-CORE-V1-REVIEW-R6-2026-08-10,app_audit_event,受控操作审计流水,app,CORE_PLATFORM,CORE_MIGRATION,一次已完成或拒绝的受控操作一行,CORE_PLATFORM_STATE,PASS_PLATFORM_SIDECAR_NOT_BUSINESS_FACT,NOT_DERIVABLE_FOR_RECOVERY_OR_SECURITY,只追加记录登录、权限、人工改数、审批和敏感读取等受控操作。；身份权限、幂等、安全、任务恢复、审计或投递恢复需要持久技术状态；它不是业务分析表。,,KEEP_IN_PHASE1,R5_PHYSICAL_CANDIDATE_REAUDITED_IN_R6,CLAUDE_CORE_KEEP,数据库受控审计函数,安全管理员 | 审计/BI,APPEND_ONLY
6,HOTCRUSH-CORE-V1-REVIEW-R6-2026-08-10,app_user,统一应用账号,app,CORE_PLATFORM,CORE_MIGRATION,每个可登录或可代表服务的账号一行,CORE_PLATFORM_STATE,PASS_PLATFORM_SIDECAR_NOT_BUSINESS_FACT,NOT_DERIVABLE_FOR_RECOVERY_OR_SECURITY,统一财务、BakeryOps及未来后台的登录账号；不等同于员工自然人。；身份权限、幂等、安全、任务恢复、审计或投递恢复需要持久技术状态；它不是业务分析表。,,KEEP_IN_PHASE1,R5_PHYSICAL_CANDIDATE_REAUDITED_IN_R6,CLAUDE_CORE_KEEP,身份管理服务,所有应用,CONTROLLED_UPDATE
7,HOTCRUSH-CORE-V1-REVIEW-R6-2026-08-10,app_role,应用角色,app,CORE_PLATFORM,CORE_MIGRATION,一个角色一行,CORE_PLATFORM_STATE,PASS_PLATFORM_SIDECAR_NOT_BUSINESS_FACT,NOT_DERIVABLE_FOR_RECOVERY_OR_SECURITY,定义可分配给账号的角色集合。；身份权限、幂等、安全、任务恢复、审计或投递恢复需要持久技术状态；它不是业务分析表。,,KEEP_IN_PHASE1,R5_PHYSICAL_CANDIDATE_REAUDITED_IN_R6,CLAUDE_CORE_KEEP,身份管理服务,所有应用,CONTROLLED_UPDATE
8,HOTCRUSH-CORE-V1-REVIEW-R6-2026-08-10,app_permission,应用权限,app,EXTENSION_PACK:FINE_GRAINED_ACCESS,PLANNED_MODULE,一个原子权限一行,EXTENSION_PACK,NOT_PHASE1_EXTENSION_ONLY,NOT_APPLICABLE_UNTIL_MODULE_ENABLED,定义最小可授权动作，例如读取成本、发布班表或管理账号。；只有对应模块启用并出现真实写入者、业务副作用或处理历史时才物理实施，首期不建。,,DESIGN_ONLY_DO_NOT_CREATE,R5_PHYSICAL_CANDIDATE_REAUDITED_IN_R6,CLAUDE_EXTENSION_LATER,身份管理服务,所有应用,CONTROLLED_UPDATE
9,HOTCRUSH-CORE-V1-REVIEW-R6-2026-08-10,app_user_role,账号角色分配,app,CORE_PLATFORM,CORE_MIGRATION,账号 × 角色 × 生效区间一行,CORE_PLATFORM_STATE,PASS_PLATFORM_SIDECAR_NOT_BUSINESS_FACT,NOT_DERIVABLE_FOR_RECOVERY_OR_SECURITY,记录账号在有效期内拥有的角色。；身份权限、幂等、安全、任务恢复、审计或投递恢复需要持久技术状态；它不是业务分析表。,,KEEP_IN_PHASE1,R5_PHYSICAL_CANDIDATE_REAUDITED_IN_R6,CLAUDE_CORE_KEEP,身份管理服务,所有应用,CONTROLLED_UPDATE_UNTIL_TERMINAL
10,HOTCRUSH-CORE-V1-REVIEW-R6-2026-08-10,app_role_permission,角色权限关系,app,EXTENSION_PACK:FINE_GRAINED_ACCESS,PLANNED_MODULE,角色 × 权限 × 生效区间一行,EXTENSION_PACK,NOT_PHASE1_EXTENSION_ONLY,NOT_APPLICABLE_UNTIL_MODULE_ENABLED,按生效区间把原子权限组合进角色，并保留撤销历史。；只有对应模块启用并出现真实写入者、业务副作用或处理历史时才物理实施，首期不建。,,DESIGN_ONLY_DO_NOT_CREATE,R5_PHYSICAL_CANDIDATE_REAUDITED_IN_R6,CLAUDE_EXTENSION_LATER,身份管理服务,所有应用,CONTROLLED_UPDATE_UNTIL_TERMINAL
11,HOTCRUSH-CORE-V1-REVIEW-R6-2026-08-10,app_user_location_scope,账号地点范围,app,CORE_PLATFORM,CORE_MIGRATION,账号角色分配 × 地点 × 权限范围一行,CORE_PLATFORM_STATE,PASS_PLATFORM_SIDECAR_NOT_BUSINESS_FACT,NOT_DERIVABLE_FOR_RECOVERY_OR_SECURITY,限制一项账号角色分配可以读取或操作哪些门店、厨房或仓库，避免多角色账号的地点范围互相串用。；身份权限、幂等、安全、任务恢复、审计或投递恢复需要持久技术状态；它不是业务分析表。,,KEEP_IN_PHASE1,R5_PHYSICAL_CANDIDATE_REAUDITED_IN_R6,CLAUDE_CORE_KEEP,身份管理服务,所有应用,CONTROLLED_UPDATE_UNTIL_TERMINAL
12,HOTCRUSH-CORE-V1-REVIEW-R6-2026-08-10,app_session,登录会话,app,CORE_PLATFORM,CORE_MIGRATION,一个登录会话一行,CORE_PLATFORM_STATE,PASS_PLATFORM_SIDECAR_NOT_BUSINESS_FACT,NOT_DERIVABLE_FOR_RECOVERY_OR_SECURITY,保存经过哈希的登录会话及其过期和撤销状态。；身份权限、幂等、安全、任务恢复、审计或投递恢复需要持久技术状态；它不是业务分析表。,,KEEP_IN_PHASE1,R5_PHYSICAL_CANDIDATE_REAUDITED_IN_R6,CLAUDE_CORE_KEEP,身份管理服务,所有应用,CONTROLLED_UPDATE_UNTIL_TERMINAL
13,HOTCRUSH-CORE-V1-REVIEW-R6-2026-08-10,app_one_time_token,一次性访问令牌,app,CORE_PLATFORM,CORE_MIGRATION,一个一次性令牌一行,CORE_PLATFORM_STATE,PASS_PLATFORM_SIDECAR_NOT_BUSINESS_FACT,NOT_DERIVABLE_FOR_RECOVERY_OR_SECURITY,为 HBTI、重置密码或一次性公开流程保存哈希令牌和消费状态。；身份权限、幂等、安全、任务恢复、审计或投递恢复需要持久技术状态；它不是业务分析表。,,KEEP_IN_PHASE1,R5_PHYSICAL_CANDIDATE_REAUDITED_IN_R6,CLAUDE_CORE_KEEP,令牌服务,HBTI | 所有应用,CONTROLLED_UPDATE_UNTIL_TERMINAL
14,HOTCRUSH-CORE-V1-REVIEW-R6-2026-08-10,app_rate_limit_event,限流计数事件,app,CORE_PLATFORM,CORE_MIGRATION,限流键 × 时间桶一行,CORE_PLATFORM_STATE,PASS_PLATFORM_SIDECAR_NOT_BUSINESS_FACT,NOT_DERIVABLE_FOR_RECOVERY_OR_SECURITY,记录受保护接口的限流计数，替代 HBTI 专用的孤立限流表。；身份权限、幂等、安全、任务恢复、审计或投递恢复需要持久技术状态；它不是业务分析表。,,KEEP_IN_PHASE1,R5_PHYSICAL_CANDIDATE_REAUDITED_IN_R6,CLAUDE_CORE_KEEP,API 网关或限流服务,HBTI | 所有应用 | 安全管理员,CONTROLLED_UPDATE_UNTIL_TERMINAL
15,HOTCRUSH-CORE-V1-REVIEW-R6-2026-08-10,ops_location,统一地点主数据,ops,CORE_BUSINESS,CORE_MIGRATION,每个真实经营地点一行,CORE_MASTER_IDENTITY,PASS_MINIMUM_PHYSICAL_FOUNDATION,NO,统一表示门店、中央厨房、仓库、办公室或兼具多种能力的地点。；稳定身份、有效期映射、单位换算或已发布定义无法从交易结果可靠反推。,,KEEP_IN_PHASE1,R5_PHYSICAL_CANDIDATE_REAUDITED_IN_R6,CLAUDE_CORE_KEEP,BakeryOps 主数据管理,所有项目,CONTROLLED_UPDATE
16,HOTCRUSH-CORE-V1-REVIEW-R6-2026-08-10,ops_location_source_identity,地点来源身份映射,ops,CORE_BUSINESS,CORE_MIGRATION,来源系统 × 外部地点ID × 有效期一行,CORE_MASTER_IDENTITY,PASS_MINIMUM_PHYSICAL_FOUNDATION,NO,把 RES、Lark、财务模板等外部地点编号映射到统一 location_id，并保留有效期。；稳定身份、有效期映射、单位换算或已发布定义无法从交易结果可靠反推。,,KEEP_IN_PHASE1,R5_PHYSICAL_CANDIDATE_REAUDITED_IN_R6,CLAUDE_CORE_KEEP,BakeryOps 主数据审核,所有项目,CONTROLLED_UPDATE
17,HOTCRUSH-CORE-V1-REVIEW-R6-2026-08-10,ops_product,统一产品主数据,ops,CORE_BUSINESS,CORE_MIGRATION,每个企业产品一行,CORE_MASTER_IDENTITY,PASS_MINIMUM_PHYSICAL_FOUNDATION,NO,维护 HOT CRUSH 可销售、可生产产品的稳定身份，不等同于某门店 POS listing。；稳定身份、有效期映射、单位换算或已发布定义无法从交易结果可靠反推。,,KEEP_IN_PHASE1,R5_PHYSICAL_CANDIDATE_REAUDITED_IN_R6,CLAUDE_CORE_KEEP,BakeryOps 产品主数据管理,所有项目,CONTROLLED_UPDATE
18,HOTCRUSH-CORE-V1-REVIEW-R6-2026-08-10,ops_product_alias,产品别名,ops,CORE_BUSINESS,CORE_MIGRATION,来源范围 × 一个别名 × 有效期一行,CORE_MASTER_IDENTITY,PASS_MINIMUM_PHYSICAL_FOUNDATION,PARTIAL_FIELDS_DERIVED_IN_VIEW,保存人工输入、Excel和历史系统中的产品别称，并明确归一到 product_id。；稳定身份、有效期映射、单位换算或已发布定义无法从交易结果可靠反推。,normalized_alias -> NORMALIZE_ALIAS(alias_text),KEEP_IN_PHASE1,R5_PHYSICAL_CANDIDATE_REAUDITED_IN_R6,CLAUDE_CORE_KEEP,BakeryOps 产品主数据管理,BakeryOps | 财务网站 | 分析/BI,CONTROLLED_UPDATE
19,HOTCRUSH-CORE-V1-REVIEW-R6-2026-08-10,hr_person,自然人主数据,hr,CORE_BUSINESS,CORE_MIGRATION,每个自然人一行,CORE_MASTER_IDENTITY,PASS_MINIMUM_PHYSICAL_FOUNDATION,NO,为候选人和员工提供不随雇佣关系变化的稳定 person_id。；稳定身份、有效期映射、单位换算或已发布定义无法从交易结果可靠反推。,,KEEP_IN_PHASE1,R5_PHYSICAL_CANDIDATE_REAUDITED_IN_R6,CLAUDE_CORE_KEEP,HR 主数据流程,BakeryOps | 财务网站 | 分析/BI,CONTROLLED_UPDATE
20,HOTCRUSH-CORE-V1-REVIEW-R6-2026-08-10,hr_person_contact,人员联系方式,hr,CORE_BUSINESS,CORE_MIGRATION,人员 × 联系方式类型 × 有效期一行,CORE_MASTER_IDENTITY,PASS_MINIMUM_PHYSICAL_FOUNDATION,NO,把电话和邮箱等联系方式从一般人员主档隔离，便于最小权限和历史管理。；稳定身份、有效期映射、单位换算或已发布定义无法从交易结果可靠反推。,,KEEP_IN_PHASE1,R5_PHYSICAL_CANDIDATE_REAUDITED_IN_R6,CLAUDE_CORE_KEEP,HR 主数据流程,授权 HR | 消息服务,CONTROLLED_UPDATE
21,HOTCRUSH-CORE-V1-REVIEW-R6-2026-08-10,hr_employment,雇佣关系,hr,CORE_BUSINESS,CORE_MIGRATION,一个人从一次入职到一次离职的雇佣关系一行,CORE_MASTER_IDENTITY,PASS_MINIMUM_PHYSICAL_FOUNDATION,NO,把自然人与一次具体雇佣关系分开，支持离职后再次入职和跨地点调动。；稳定身份、有效期映射、单位换算或已发布定义无法从交易结果可靠反推。,,KEEP_IN_PHASE1,R5_PHYSICAL_CANDIDATE_REAUDITED_IN_R6,CLAUDE_CORE_KEEP,HR 主数据流程,BakeryOps | 财务网站 | 分析/BI,CONTROLLED_UPDATE
22,HOTCRUSH-CORE-V1-REVIEW-R6-2026-08-10,hr_employment_source_identity,雇佣来源身份映射,hr,CORE_BUSINESS,CORE_MIGRATION,来源系统 × 外部员工ID × 有效期一行,CORE_MASTER_IDENTITY,PASS_MINIMUM_PHYSICAL_FOUNDATION,NO,把 Lark、工资表和历史员工表中的员工编号映射到 employment_id。；稳定身份、有效期映射、单位换算或已发布定义无法从交易结果可靠反推。,,KEEP_IN_PHASE1,R5_PHYSICAL_CANDIDATE_REAUDITED_IN_R6,CLAUDE_CORE_KEEP,HR 身份审核,BakeryOps | 财务网站 | 分析/BI,CONTROLLED_UPDATE
23,HOTCRUSH-CORE-V1-REVIEW-R6-2026-08-10,hr_employment_mapping_review,雇佣身份映射审核,hr,CORE_BUSINESS,CORE_MIGRATION,来源系统 × 外部员工ID × 一次审核尝试一行,CORE_BASE_FACT,PASS_MINIMUM_PHYSICAL_FOUNDATION,NO,保存 Lark、工资表和历史员工来源无法自动确认到 employment_id 时的候选、证据和人工结论。；这是来源原值或最小业务事件，是多种派生分析的不可替代输入。,,KEEP_IN_PHASE1,R5_PHYSICAL_CANDIDATE_REAUDITED_IN_R6,CLAUDE_CORE_KEEP,HR 身份审核,BakeryOps | 财务网站 | 分析/BI,CONTROLLED_UPDATE
24,HOTCRUSH-CORE-V1-REVIEW-R6-2026-08-10,scm_material,统一原料主数据,scm,CORE_BUSINESS,CORE_MIGRATION,每个可采购、库存或作为配方组件的物料一行,CORE_MASTER_IDENTITY,PASS_MINIMUM_PHYSICAL_FOUNDATION,NO,统一表示原料、包材和半成品，不让供应链依赖财务成本卡内部编号。；稳定身份、有效期映射、单位换算或已发布定义无法从交易结果可靠反推。,,KEEP_IN_PHASE1,R5_PHYSICAL_CANDIDATE_REAUDITED_IN_R6,CLAUDE_CORE_KEEP,供应链主数据流程,BakeryOps | 财务网站 | 分析/BI,CONTROLLED_UPDATE
25,HOTCRUSH-CORE-V1-REVIEW-R6-2026-08-10,scm_material_alias,原料别名,scm,CORE_BUSINESS,CORE_MIGRATION,来源范围 × 原料别名 × 有效期一行,CORE_MASTER_IDENTITY,PASS_MINIMUM_PHYSICAL_FOUNDATION,PARTIAL_FIELDS_DERIVED_IN_VIEW,保存供应商、财务模板和历史配方里的原料不同写法。；稳定身份、有效期映射、单位换算或已发布定义无法从交易结果可靠反推。,normalized_alias -> NORMALIZE_ALIAS(alias_text),KEEP_IN_PHASE1,R5_PHYSICAL_CANDIDATE_REAUDITED_IN_R6,CLAUDE_CORE_KEEP,供应链主数据流程,BakeryOps | 财务网站,CONTROLLED_UPDATE
26,HOTCRUSH-CORE-V1-REVIEW-R6-2026-08-10,scm_material_source_identity,原料来源身份映射,scm,CORE_BUSINESS,CORE_MIGRATION,来源系统 × 外部原料ID × 有效期一行,CORE_MASTER_IDENTITY,PASS_MINIMUM_PHYSICAL_FOUNDATION,NO,把成本卡迁移编号、WMS编号等外部物料身份映射到 material_id。；稳定身份、有效期映射、单位换算或已发布定义无法从交易结果可靠反推。,,KEEP_IN_PHASE1,R5_PHYSICAL_CANDIDATE_REAUDITED_IN_R6,CLAUDE_CORE_KEEP,供应链主数据审核,BakeryOps | 财务网站,CONTROLLED_UPDATE
27,HOTCRUSH-CORE-V1-REVIEW-R6-2026-08-10,pos_ingest_batch,POS导入批次,pos,CORE_BUSINESS,CORE_MIGRATION,某地点 × 某数据集 × 一次抓取或重跑一行,CORE_BASE_FACT,PASS_MINIMUM_PHYSICAL_FOUNDATION,NO,记录每次 RES/POS 抓取的数据集、窗口、游标、校验值和完整性。；这是来源原值或最小业务事件，是多种派生分析的不可替代输入。,,KEEP_IN_PHASE1,R5_PHYSICAL_CANDIDATE_REAUDITED_IN_R6,CLAUDE_CORE_KEEP,RES/POS 同步服务,BakeryOps | 财务网站 | 分析/BI,CONTROLLED_UPDATE_UNTIL_TERMINAL
28,HOTCRUSH-CORE-V1-REVIEW-R6-2026-08-10,pos_product_listing,POS商品listing,pos,CORE_BUSINESS,CORE_MIGRATION,来源系统 × 来源组织 × 外部商品ID一行,CORE_MASTER_IDENTITY,PASS_MINIMUM_PHYSICAL_FOUNDATION,NO,保存某来源组织/门店菜单中的商品身份和当前目录属性，不直接等同于企业 product_id。；稳定身份、有效期映射、单位换算或已发布定义无法从交易结果可靠反推。,,KEEP_IN_PHASE1,R5_PHYSICAL_CANDIDATE_REAUDITED_IN_R6,CLAUDE_CORE_KEEP,RES/POS 同步服务,BakeryOps | 财务网站 | 分析/BI,CONTROLLED_UPDATE
29,HOTCRUSH-CORE-V1-REVIEW-R6-2026-08-10,pos_product_mapping,POS商品到统一产品映射,pos,CORE_BUSINESS,CORE_MIGRATION,POS listing × 有效期一行,CORE_MASTER_IDENTITY,PASS_MINIMUM_PHYSICAL_FOUNDATION,NO,版本化保存 listing 与 product_id 的确认关系，使历史销售按当时映射重现。；稳定身份、有效期映射、单位换算或已发布定义无法从交易结果可靠反推。,,KEEP_IN_PHASE1,R5_PHYSICAL_CANDIDATE_REAUDITED_IN_R6,CLAUDE_CORE_KEEP,产品身份审核流程,BakeryOps | 财务网站 | 分析/BI,CONTROLLED_UPDATE
30,HOTCRUSH-CORE-V1-REVIEW-R6-2026-08-10,pos_product_mapping_review,POS商品映射审核队列,pos,CORE_BUSINESS,CORE_MIGRATION,一个 listing 的一次待审核问题一行,CORE_WORKFLOW_FACT,PASS_MINIMUM_PHYSICAL_FOUNDATION,NO,保存无法自动唯一映射的 listing 候选和处理结论。；人工决定、批准、状态转换或业务副作用本身就是事实，不能从最终结果倒推。,,KEEP_IN_PHASE1,R5_PHYSICAL_CANDIDATE_REAUDITED_IN_R6,CLAUDE_CORE_KEEP,产品身份审核流程,BakeryOps | 财务网站,CONTROLLED_WORKFLOW
31,HOTCRUSH-CORE-V1-REVIEW-R6-2026-08-10,pos_sales_day,POS门店日销售事实,pos,CORE_BUSINESS,CORE_MIGRATION,地点 × 营业日 × POS批次一行,CORE_BASE_FACT,PASS_MINIMUM_PHYSICAL_FOUNDATION,PARTIAL_FIELDS_DERIVED_IN_VIEW,保存某地点某营业日某批次的销售、折扣、订单和来源平均客单观察。；这是来源原值或最小业务事件，是多种派生分析的不可替代输入。,average_order_value -> v_pos_sales_day_current,KEEP_IN_PHASE1,R5_PHYSICAL_CANDIDATE_REAUDITED_IN_R6,CLAUDE_CORE_KEEP,RES/POS 同步服务,BakeryOps | 财务网站 | 分析/BI,APPEND_ONLY
32,HOTCRUSH-CORE-V1-REVIEW-R6-2026-08-10,pos_sales_hour,POS门店小时销售事实,pos,CORE_BUSINESS,CORE_MIGRATION,地点 × 营业日 × 营业小时 × POS批次一行,CORE_BASE_FACT,PASS_MINIMUM_PHYSICAL_FOUNDATION,NO,保存门店每个营业小时的销售和订单汇总。；这是来源原值或最小业务事件，是多种派生分析的不可替代输入。,,KEEP_IN_PHASE1,R5_PHYSICAL_CANDIDATE_REAUDITED_IN_R6,CLAUDE_CORE_KEEP,RES/POS 同步服务,BakeryOps | 财务网站 | 分析/BI,APPEND_ONLY
33,HOTCRUSH-CORE-V1-REVIEW-R6-2026-08-10,pos_item_sales_hour,POS商品小时销售事实,pos,CORE_BUSINESS,CORE_MIGRATION,地点 × 营业小时 × POS listing × POS批次一行,CORE_BASE_FACT,PASS_MINIMUM_PHYSICAL_FOUNDATION,NO,保存 listing 在每个营业小时的销量和销售额；即使尚未映射 product_id 也能完整入库。；这是来源原值或最小业务事件，是多种派生分析的不可替代输入。,,KEEP_IN_PHASE1,R5_PHYSICAL_CANDIDATE_REAUDITED_IN_R6,CLAUDE_CORE_KEEP,RES/POS 同步服务,BakeryOps | 财务网站 | 分析/BI,APPEND_ONLY
34,HOTCRUSH-CORE-V1-REVIEW-R6-2026-08-10,pos_daily_breakdown,POS日销售维度拆分,pos,CORE_BUSINESS,CORE_MIGRATION,地点 × 营业日 × 维度类型 × 维度值 × POS批次一行,CORE_BASE_FACT,PASS_MINIMUM_PHYSICAL_FOUNDATION,NO,保存支付方式、就餐方式或渠道等日销售拆分，避免把不同维度做成固定宽列。；这是来源原值或最小业务事件，是多种派生分析的不可替代输入。,,KEEP_IN_PHASE1,R5_PHYSICAL_CANDIDATE_REAUDITED_IN_R6,CLAUDE_CORE_KEEP,RES/POS 同步服务,财务网站 | BakeryOps | 分析/BI,APPEND_ONLY
35,HOTCRUSH-CORE-V1-REVIEW-R6-2026-08-10,pos_item_waste,POS商品报废事实,pos,CORE_BUSINESS,CORE_MIGRATION,地点 × 营业日 × listing × 来源报废记录 × POS批次一行,CORE_BASE_FACT,PASS_MINIMUM_PHYSICAL_FOUNDATION,NO,保存来源报废记录及标准原因，不把试吃等营销用途默认算作损失。；这是来源原值或最小业务事件，是多种派生分析的不可替代输入。,,KEEP_IN_PHASE1,R5_PHYSICAL_CANDIDATE_REAUDITED_IN_R6,CLAUDE_CORE_KEEP,RES/POS 同步服务,BakeryOps | 财务网站 | 分析/BI,APPEND_ONLY
36,HOTCRUSH-CORE-V1-REVIEW-R6-2026-08-10,ops_stockout_event,商品断货事件,ops,CORE_BUSINESS,CORE_MIGRATION,地点 × listing × 一次连续断货区间一行,CORE_BASE_FACT,PASS_MINIMUM_PHYSICAL_FOUNDATION,NO,记录人工确认或算法识别的断货时段、证据及估算损失。；这是来源原值或最小业务事件，是多种派生分析的不可替代输入。,,KEEP_IN_PHASE1,R5_PHYSICAL_CANDIDATE_REAUDITED_IN_R6,CLAUDE_CORE_KEEP,BakeryOps 断货检测；人工可确认,BakeryOps | 财务网站 | 分析/BI,CONTROLLED_UPDATE_UNTIL_TERMINAL
37,HOTCRUSH-CORE-V1-REVIEW-R6-2026-08-10,pos_order,POS订单稳定身份,pos,CORE_BUSINESS,CORE_MIGRATION,来源系统 × 地点 × 外部订单ID一行,CORE_BASE_FACT,PASS_MINIMUM_PHYSICAL_FOUNDATION,NO,只保存来源订单的稳定身份，不把尚未证明存在的订单头金额、状态或时间硬塞进同一行。；这是来源原值或最小业务事件，是多种派生分析的不可替代输入。,,KEEP_IN_PHASE1,R5_PHYSICAL_CANDIDATE_REAUDITED_IN_R6,CLAUDE_CORE_KEEP,RES/POS 同步服务,财务网站 | BakeryOps | HBTI | 分析/BI,APPEND_ONLY
38,HOTCRUSH-CORE-V1-REVIEW-R6-2026-08-10,pos_order_item,POS订单商品最小事实,pos,CORE_BUSINESS,CORE_MIGRATION,POS批次 × 订单 × listing 一行,CORE_BASE_FACT,PASS_MINIMUM_PHYSICAL_FOUNDATION,NO,按一次来源批次保存订单内同一 listing 的合计数量与净额；这是当前可稳定重跑的最小商品粒度。；这是来源原值或最小业务事件，是多种派生分析的不可替代输入。,,KEEP_IN_PHASE1,R5_PHYSICAL_CANDIDATE_REAUDITED_IN_R6,CLAUDE_CORE_KEEP,RES/POS 同步服务,财务网站 | BakeryOps | HBTI | 分析/BI,APPEND_ONLY
39,HOTCRUSH-CORE-V1-REVIEW-R6-2026-08-10,pos_payment,POS支付记录,pos,SOURCE_CONDITIONAL,SOURCE_CONDITIONAL,每个来源支付记录一行,SOURCE_CONDITIONAL,NOT_PHASE1_SOURCE_UNVERIFIED,UNKNOWN_UNTIL_SOURCE_VERIFIED,保存订单的一次支付或支付状态变化。；外部来源身份、粒度、权限和重跑契约尚未验证，当前只保留目标契约，不建正式表。,,DEFER_UNTIL_SOURCE_PROVEN,R5_PHYSICAL_CANDIDATE_REAUDITED_IN_R6,CLAUDE_DEFER_SOURCE,RES/POS 同步服务,财务网站 | 分析/BI,SOURCE_STATE_UNTIL_TERMINAL
40,HOTCRUSH-CORE-V1-REVIEW-R6-2026-08-10,pos_refund,POS退款记录,pos,SOURCE_CONDITIONAL,SOURCE_CONDITIONAL,每个来源退款记录一行,SOURCE_CONDITIONAL,NOT_PHASE1_SOURCE_UNVERIFIED,UNKNOWN_UNTIL_SOURCE_VERIFIED,保存订单或订单行级退款，不用负销售行替代退款事实。；外部来源身份、粒度、权限和重跑契约尚未验证，当前只保留目标契约，不建正式表。,,DEFER_UNTIL_SOURCE_PROVEN,R5_PHYSICAL_CANDIDATE_REAUDITED_IN_R6,CLAUDE_DEFER_SOURCE,RES/POS 同步服务,财务网站 | BakeryOps | 分析/BI,APPEND_ONLY
41,HOTCRUSH-CORE-V1-REVIEW-R6-2026-08-10,pos_member,POS会员主档,pos,CORE_BUSINESS,CORE_MIGRATION,每个企业内可识别的 POS 会员一行,CORE_MASTER_IDENTITY,PASS_MINIMUM_PHYSICAL_FOUNDATION,PARTIAL_FIELDS_DERIVED_IN_VIEW,只保存会员非敏感稳定身份和企业治理状态；每天变化的等级、积分、累计值和余额进入会员状态快照，联系方式另表隔离。；稳定身份、有效期映射、单位换算或已发布定义无法从交易结果可靠反推。,has_card -> EXISTS(pos_member_card) | has_profile/last_snapshot_date/level/growth/points/lifetime amounts/current balances -> v_pos_member_state_current from append-only snapshots,KEEP_IN_PHASE1,R5_PHYSICAL_CANDIDATE_REAUDITED_IN_R6,CLAUDE_CORE_KEEP,RES/POS 同步服务,财务网站 | HBTI | 分析/BI,CONTROLLED_UPDATE
42,HOTCRUSH-CORE-V1-REVIEW-R6-2026-08-10,pos_member_contact,会员联系方式,pos,CORE_BUSINESS,CORE_MIGRATION,会员 × 联系方式类型 × 有效期一行,CORE_MASTER_IDENTITY,PASS_MINIMUM_PHYSICAL_FOUNDATION,NO,隔离存放业务明确批准保留的会员手机号，并支持换号历史。；稳定身份、有效期映射、单位换算或已发布定义无法从交易结果可靠反推。,,KEEP_IN_PHASE1,R5_PHYSICAL_CANDIDATE_REAUDITED_IN_R6,CLAUDE_CORE_KEEP,RES/POS 同步服务的受限写入路径,授权会员运营,CONTROLLED_UPDATE_UNTIL_TERMINAL
43,HOTCRUSH-CORE-V1-REVIEW-R6-2026-08-10,pos_member_card,会员卡,pos,CORE_BUSINESS,CORE_MIGRATION,每张来源会员卡一行,CORE_MASTER_IDENTITY,PASS_MINIMUM_PHYSICAL_FOUNDATION,NO,把一名会员的多张卡拆为独立身份，避免把卡余额永远聚合进会员主档。；稳定身份、有效期映射、单位换算或已发布定义无法从交易结果可靠反推。,,KEEP_IN_PHASE1,R5_PHYSICAL_CANDIDATE_REAUDITED_IN_R6,CLAUDE_CORE_KEEP,RES/POS 同步服务,财务网站 | HBTI | 分析/BI,CONTROLLED_UPDATE
44,HOTCRUSH-CORE-V1-REVIEW-R6-2026-08-10,pos_member_balance_snapshot,会员状态与余额快照,pos,CORE_BUSINESS,CORE_MIGRATION,会员 × 快照日期 × POS批次一行,CORE_BASE_FACT,PASS_MINIMUM_PHYSICAL_FOUNDATION,PARTIAL_FIELDS_DERIVED_IN_VIEW,保存来源在某日直接观察到、无法从不完整流水可靠反推的会员等级、积分、累计值和会员名下全部卡余额。；这是来源原值或最小业务事件，是多种派生分析的不可替代输入。,partial flag and missing fields -> nullable balances + pos_ingest_batch status,KEEP_IN_PHASE1,R5_PHYSICAL_CANDIDATE_REAUDITED_IN_R6,CLAUDE_CORE_KEEP,RES/POS 同步服务,财务网站 | HBTI | 分析/BI,APPEND_ONLY
45,HOTCRUSH-CORE-V1-REVIEW-R6-2026-08-10,pos_member_card_transaction,会员卡交易流水,pos,CORE_BUSINESS,CORE_MIGRATION,每笔来源会员卡交易一行,CORE_BASE_FACT,PASS_MINIMUM_PHYSICAL_FOUNDATION,NO,保存充值、消费核销、退款和余额调整的不可变事件。；这是来源原值或最小业务事件，是多种派生分析的不可替代输入。,,KEEP_IN_PHASE1,R5_PHYSICAL_CANDIDATE_REAUDITED_IN_R6,CLAUDE_CORE_KEEP,RES/POS 同步服务,财务网站 | HBTI | 分析/BI,APPEND_ONLY
46,HOTCRUSH-CORE-V1-REVIEW-R6-2026-08-10,pos_member_daily_metric,会员日指标,pos,CORE_BUSINESS,CORE_MIGRATION,地点 × 营业日 × POS批次一行,CORE_BASE_FACT,PASS_MINIMUM_PHYSICAL_FOUNDATION,PARTIAL_FIELDS_DERIVED_IN_VIEW,保存会员人数、消费、充值、核销、调整和期末余额等来源日报原值；比率和可重算净额只在视图派生。；这是来源原值或最小业务事件，是多种派生分析的不可替代输入。,source/POS member-sales ratios -> v_pos_member_daily_summary | card payment net and source/POS ratios -> v_pos_member_daily_summary | topup total and stored-value face net -> v_pos_member_daily_summary | partial flag and missing fields -> nullable measures + pos_ingest_batch status,KEEP_IN_PHASE1,R5_PHYSICAL_CANDIDATE_REAUDITED_IN_R6,CLAUDE_CORE_KEEP,RES/POS 同步服务,财务网站 | HBTI | 分析/BI,APPEND_ONLY
47,HOTCRUSH-CORE-V1-REVIEW-R6-2026-08-10,ops_calendar_event,日历事件,ops,CORE_BUSINESS,CORE_MIGRATION,辖区 × 日期 × 事件一行,CORE_WORKFLOW_FACT,PASS_MINIMUM_PHYSICAL_FOUNDATION,NO,保存已解析的节假日、学校假期和其他可验证日历事件。；人工决定、批准、状态转换或业务副作用本身就是事实，不能从最终结果倒推。,,KEEP_IN_PHASE1,R5_PHYSICAL_CANDIDATE_REAUDITED_IN_R6,CLAUDE_CORE_KEEP,BakeryOps 日历任务,BakeryOps | 分析/BI,CONTROLLED_WORKFLOW
48,HOTCRUSH-CORE-V1-REVIEW-R6-2026-08-10,ops_operational_event,运营突发事件,ops,CORE_BUSINESS,CORE_MIGRATION,一个地点的一次连续运营事件一行,CORE_BASE_FACT,PASS_MINIMUM_PHYSICAL_FOUNDATION,NO,记录停电、设备故障、人流异常、促销或其他当日突发情况及人工证据。；这是来源原值或最小业务事件，是多种派生分析的不可替代输入。,,KEEP_IN_PHASE1,R5_PHYSICAL_CANDIDATE_REAUDITED_IN_R6,CLAUDE_CORE_KEEP,门店或区域运营,BakeryOps | 分析/BI,CONTROLLED_UPDATE_UNTIL_TERMINAL
49,HOTCRUSH-CORE-V1-REVIEW-R6-2026-08-10,ops_operational_event_product,运营事件受影响产品,ops,CORE_BUSINESS,CORE_MIGRATION,运营事件 × 产品一行,CORE_BASE_FACT,PASS_MINIMUM_PHYSICAL_FOUNDATION,NO,明确运营事件影响哪些产品以及影响方向和数量。；这是来源原值或最小业务事件，是多种派生分析的不可替代输入。,,KEEP_IN_PHASE1,R5_PHYSICAL_CANDIDATE_REAUDITED_IN_R6,CLAUDE_CORE_KEEP,门店或区域运营,BakeryOps | 分析/BI,CONTROLLED_UPDATE_UNTIL_TERMINAL
50,HOTCRUSH-CORE-V1-REVIEW-R6-2026-08-10,ops_forecast_run,需求预测运行,ops,CORE_BUSINESS,CORE_MIGRATION,地点 × 目标营业日 × 一次算法运行一行,CORE_DECISION_OUTPUT,PASS_HISTORICAL_DECISION_FACT,CALCULABLE_BUT_CURRENT_INPUTS_CANNOT_RECREATE_PAST_DECISION,冻结一次预测使用的目标日期、算法、输入清单和结果状态。；虽然数值可计算，但该版本曾被提出、批准或用于触发行动，历史决定本身不可从当前输入反推。,,KEEP_IN_PHASE1,R5_PHYSICAL_CANDIDATE_REAUDITED_IN_R6,CLAUDE_CORE_KEEP,BakeryOps 预测任务,BakeryOps | 分析/BI,CONTROLLED_UPDATE_UNTIL_TERMINAL
51,HOTCRUSH-CORE-V1-REVIEW-R6-2026-08-10,ops_forecast_line,产品预测行,ops,CORE_BUSINESS,CORE_MIGRATION,预测运行 × 产品一行,CORE_DECISION_OUTPUT,PASS_HISTORICAL_DECISION_FACT,CALCULABLE_BUT_CURRENT_INPUTS_CANNOT_RECREATE_PAST_DECISION,保存一次预测对每个产品的数量区间和解释。；虽然数值可计算，但该版本曾被提出、批准或用于触发行动，历史决定本身不可从当前输入反推。,accuracy/error -> v_ops_forecast_accuracy,KEEP_IN_PHASE1,R5_PHYSICAL_CANDIDATE_REAUDITED_IN_R6,CLAUDE_CORE_KEEP,BakeryOps 预测任务,BakeryOps | 分析/BI,APPEND_ONLY
52,HOTCRUSH-CORE-V1-REVIEW-R6-2026-08-10,ops_production_plan_version,生产预估单版本,ops,CORE_BUSINESS,CORE_MIGRATION,生产地点 × 计划营业日 × 版本号一行,CORE_DECISION_OUTPUT,PASS_HISTORICAL_DECISION_FACT,CALCULABLE_BUT_CURRENT_INPUTS_CANNOT_RECREATE_PAST_DECISION,直接保留某地点某营业日每次预测建议、人工调整、审批、发布或取消，不再为同一自然键另建空壳主单。；虽然数值可计算，但该版本曾被提出、批准或用于触发行动，历史决定本身不可从当前输入反推。,,R6_MERGE_INTO: absorb ops_production_plan; location + business date is the stable plan identity,R5_PHYSICAL_CANDIDATE_REAUDITED_IN_R6,CLAUDE_CORE_KEEP; CODEX_FURTHER_MERGED_REDUNDANT_CORE_SHELL,BakeryOps；审批人改变状态,BakeryOps | 供应链 | 分析/BI,DRAFT_MUTABLE_THEN_FROZEN
53,HOTCRUSH-CORE-V1-REVIEW-R6-2026-08-10,ops_production_plan_line,生产预估单产品行,ops,CORE_BUSINESS,CORE_MIGRATION,预估单版本 × 产品一行,CORE_DECISION_OUTPUT,PASS_HISTORICAL_DECISION_FACT,CALCULABLE_BUT_CURRENT_INPUTS_CANNOT_RECREATE_PAST_DECISION,保存某版本每个产品的计划数量和人工判断来源。；虽然数值可计算，但该版本曾被提出、批准或用于触发行动，历史决定本身不可从当前输入反推。,adjustment_delta -> compare quantity with based_on_plan_line_id,R6_MERGE_INTO: absorb ops_plan_adjustment reason and provenance into a new plan-version line; derive delta,R5_PHYSICAL_CANDIDATE_REAUDITED_IN_R6,CLAUDE_CORE_KEEP; PLAN_ADJUSTMENT_MERGE_TARGET_CORRECTED_TO_LINE,BakeryOps,BakeryOps | 供应链 | 分析/BI,APPEND_ONLY
54,HOTCRUSH-CORE-V1-REVIEW-R6-2026-08-10,ops_production_plan_slot,生产时段计划,ops,EXTENSION_PACK:PRODUCTION_EXECUTION,PLANNED_MODULE,计划产品行 × 生产时段一行,EXTENSION_PACK,NOT_PHASE1_EXTENSION_ONLY,NOT_APPLICABLE_UNTIL_MODULE_ENABLED,把产品总计划拆到具体生产时段，解决总量正确但时段断货的问题。；只有对应模块启用并出现真实写入者、业务副作用或处理历史时才物理实施，首期不建。,,DESIGN_ONLY_DO_NOT_CREATE,R5_PHYSICAL_CANDIDATE_REAUDITED_IN_R6,CLAUDE_EXTENSION_LATER,BakeryOps,BakeryOps | 分析/BI,APPEND_ONLY
55,HOTCRUSH-CORE-V1-REVIEW-R6-2026-08-10,ops_workload_run,工作量计算运行,ops,EXTENSION_PACK:SHIFT_AND_WORKFORCE,PLANNED_MODULE,地点 × 营业日 × 一次工作量计算一行,EXTENSION_PACK,NOT_PHASE1_EXTENSION_ONLY,NOT_APPLICABLE_UNTIL_MODULE_ENABLED,把已发布生产计划和预测销售转换为岗位/工位所需分钟，作为班表显式上游。；只有对应模块启用并出现真实写入者、业务副作用或处理历史时才物理实施，首期不建。,,DESIGN_ONLY_DO_NOT_CREATE,R5_PHYSICAL_CANDIDATE_REAUDITED_IN_R6,CLAUDE_EXTENSION_LATER,BakeryOps 工作量任务,BakeryOps | 分析/BI,CONTROLLED_UPDATE_UNTIL_TERMINAL
56,HOTCRUSH-CORE-V1-REVIEW-R6-2026-08-10,ops_workload_line,岗位工作量行,ops,EXTENSION_PACK:SHIFT_AND_WORKFORCE,PLANNED_MODULE,工作量运行 × 岗位 × 工位 × 可选产品一行,EXTENSION_PACK,NOT_PHASE1_EXTENSION_ONLY,NOT_APPLICABLE_UNTIL_MODULE_ENABLED,保存某工作量运行对岗位、工位及可选产品的需求分钟和数量依据。；只有对应模块启用并出现真实写入者、业务副作用或处理历史时才物理实施，首期不建。,,DESIGN_ONLY_DO_NOT_CREATE,R5_PHYSICAL_CANDIDATE_REAUDITED_IN_R6,CLAUDE_EXTENSION_LATER,BakeryOps 工作量任务,BakeryOps | 分析/BI,APPEND_ONLY
57,HOTCRUSH-CORE-V1-REVIEW-R6-2026-08-10,ops_production_run,实际生产批次,ops,EXTENSION_PACK:PRODUCTION_EXECUTION,PLANNED_MODULE,生产地点 × 营业日 × 一次生产批次一行,EXTENSION_PACK,NOT_PHASE1_EXTENSION_ONLY,NOT_APPLICABLE_UNTIL_MODULE_ENABLED,记录一次真实生产执行，不用计划数量冒充实际产出。；只有对应模块启用并出现真实写入者、业务副作用或处理历史时才物理实施，首期不建。,,DESIGN_ONLY_DO_NOT_CREATE,R5_PHYSICAL_CANDIDATE_REAUDITED_IN_R6,CLAUDE_EXTENSION_LATER,门店/厨房执行流程,BakeryOps | 供应链 | 分析/BI,CONTROLLED_UPDATE
58,HOTCRUSH-CORE-V1-REVIEW-R6-2026-08-10,ops_production_run_line,实际生产产品行,ops,EXTENSION_PACK:PRODUCTION_EXECUTION,PLANNED_MODULE,生产批次 × 产品一行,EXTENSION_PACK,NOT_PHASE1_EXTENSION_ONLY,NOT_APPLICABLE_UNTIL_MODULE_ENABLED,保存实际生产的合格、报废和返工数量，并可追溯到计划行。；只有对应模块启用并出现真实写入者、业务副作用或处理历史时才物理实施，首期不建。,,DESIGN_ONLY_DO_NOT_CREATE,R5_PHYSICAL_CANDIDATE_REAUDITED_IN_R6,CLAUDE_EXTENSION_LATER,门店/厨房执行流程,BakeryOps | 供应链 | 分析/BI,APPEND_ONLY
59,HOTCRUSH-CORE-V1-REVIEW-R6-2026-08-10,ops_dispatch,地点间配送,ops,EXTENSION_PACK:PRODUCTION_EXECUTION,PLANNED_MODULE,发出地点 × 接收地点 × 一次配送批次一行,EXTENSION_PACK,NOT_PHASE1_EXTENSION_ONLY,NOT_APPLICABLE_UNTIL_MODULE_ENABLED,记录成品从中央厨房或门店发往另一地点的一次配送。；只有对应模块启用并出现真实写入者、业务副作用或处理历史时才物理实施，首期不建。,,DESIGN_ONLY_DO_NOT_CREATE,R5_PHYSICAL_CANDIDATE_REAUDITED_IN_R6,CLAUDE_EXTENSION_LATER,配送执行流程,BakeryOps | 供应链 | 分析/BI,CONTROLLED_UPDATE
60,HOTCRUSH-CORE-V1-REVIEW-R6-2026-08-10,ops_dispatch_line,配送产品行,ops,EXTENSION_PACK:PRODUCTION_EXECUTION,PLANNED_MODULE,配送单 × 产品一行,EXTENSION_PACK,NOT_PHASE1_EXTENSION_ONLY,NOT_APPLICABLE_UNTIL_MODULE_ENABLED,保存配送中每个产品的发出、接收、拒收和差异数量。；只有对应模块启用并出现真实写入者、业务副作用或处理历史时才物理实施，首期不建。,,DESIGN_ONLY_DO_NOT_CREATE,R5_PHYSICAL_CANDIDATE_REAUDITED_IN_R6,CLAUDE_EXTENSION_LATER,配送执行流程,BakeryOps | 供应链 | 分析/BI,APPEND_ONLY
61,HOTCRUSH-CORE-V1-REVIEW-R6-2026-08-10,ops_daily_review,每日运营复盘,ops,CORE_BUSINESS,CORE_MIGRATION,地点 × 营业日 × 复盘版本一行,CORE_WORKFLOW_FACT,PASS_MINIMUM_PHYSICAL_FOUNDATION,NO,保存某地点营业日的结构化复盘版本，区分人工事实、AI总结和采纳状态。；人工决定、批准、状态转换或业务副作用本身就是事实，不能从最终结果倒推。,,KEEP_IN_PHASE1,R5_PHYSICAL_CANDIDATE_REAUDITED_IN_R6,CLAUDE_CORE_KEEP,BakeryOps 复盘流程,BakeryOps | 分析/BI,DRAFT_MUTABLE_THEN_FROZEN
62,HOTCRUSH-CORE-V1-REVIEW-R6-2026-08-10,ops_review_action,复盘改进行动,ops,CORE_BUSINESS,CORE_MIGRATION,复盘 × 一项改进行动一行,CORE_BASE_FACT,PASS_MINIMUM_PHYSICAL_FOUNDATION,NO,把复盘建议变成有负责人、期限和完成状态的动作。；这是来源原值或最小业务事件，是多种派生分析的不可替代输入。,,KEEP_IN_PHASE1,R5_PHYSICAL_CANDIDATE_REAUDITED_IN_R6,CLAUDE_CORE_KEEP,门店或区域运营,BakeryOps | 分析/BI,CONTROLLED_UPDATE
63,HOTCRUSH-CORE-V1-REVIEW-R6-2026-08-10,ops_business_rule,运营业务规则,ops,CORE_BUSINESS,CORE_MIGRATION,适用地点/产品组合或企业全局 × 规则代码 × 版本一行,CORE_MASTER_IDENTITY,PASS_MINIMUM_PHYSICAL_FOUNDATION,NO,版本化保存企业级、地点级、产品级或地点产品级的排产阈值、产品策略、招聘可预约窗口和断货排除等低频配置。；稳定身份、有效期映射、单位换算或已发布定义无法从交易结果可靠反推。,,KEEP_IN_PHASE1,R5_PHYSICAL_CANDIDATE_REAUDITED_IN_R6,CLAUDE_CORE_KEEP,BakeryOps 设置流程,BakeryOps | 分析/BI,DRAFT_MUTABLE_THEN_FROZEN
64,HOTCRUSH-CORE-V1-REVIEW-R6-2026-08-10,hr_job_requisition,招聘需求,hr,CORE_BUSINESS,CORE_MIGRATION,一个招聘需求一行,CORE_WORKFLOW_FACT,PASS_MINIMUM_PHYSICAL_FOUNDATION,NO,记录某地点、岗位所需人数、期限和批准状态，作为候选申请的业务来源。；人工决定、批准、状态转换或业务副作用本身就是事实，不能从最终结果倒推。,,KEEP_IN_PHASE1,R5_PHYSICAL_CANDIDATE_REAUDITED_IN_R6,CLAUDE_CORE_KEEP,HR 招聘流程,BakeryOps | 分析/BI,CONTROLLED_WORKFLOW
65,HOTCRUSH-CORE-V1-REVIEW-R6-2026-08-10,hr_application,候选申请,hr,CORE_BUSINESS,CORE_MIGRATION,人员 × 招聘需求 × 一次申请一行,CORE_BASE_FACT,PASS_MINIMUM_PHYSICAL_FOUNDATION,NO,记录自然人对一个招聘需求的一次申请身份和来源；阶段变化只追加到 hr_application_stage_event。；这是来源原值或最小业务事件，是多种派生分析的不可替代输入。,,KEEP_IN_PHASE1,R5_PHYSICAL_CANDIDATE_REAUDITED_IN_R6,CLAUDE_CORE_KEEP,HR 招聘流程,BakeryOps | 分析/BI,CONTROLLED_UPDATE
66,HOTCRUSH-CORE-V1-REVIEW-R6-2026-08-10,hr_application_stage_event,候选申请阶段事件,hr,CORE_BUSINESS,CORE_MIGRATION,候选申请 × 一次阶段迁移一行,CORE_WORKFLOW_FACT,PASS_MINIMUM_PHYSICAL_FOUNDATION,NO,只追加保存候选申请每次进入新阶段的时间、原因、来源和操作者，使漏斗和停留时长可以重建。；人工决定、批准、状态转换或业务副作用本身就是事实，不能从最终结果倒推。,,KEEP_IN_PHASE1,R5_PHYSICAL_CANDIDATE_REAUDITED_IN_R6,CLAUDE_CORE_KEEP,HR 招聘流程或渠道同步,BakeryOps | 分析/BI,APPEND_ONLY_DECISION_RECORD
67,HOTCRUSH-CORE-V1-REVIEW-R6-2026-08-10,hr_appointment,面试试工预约,hr,CORE_BUSINESS,CORE_MIGRATION,申请 × 一次预约一行,CORE_BASE_FACT,PASS_MINIMUM_PHYSICAL_FOUNDATION,NO,记录候选人面试、试工或文件办理的一次预约及其实际执行结果；试工不再另建一对一结果表。；这是来源原值或最小业务事件，是多种派生分析的不可替代输入。,,"R6_MERGE_INTO: absorb hr_trial execution timestamps, outcome and safety incident",R5_PHYSICAL_CANDIDATE_REAUDITED_IN_R6,CLAUDE_KEEP_PLUS_MERGED_R5_OBJECT,HR 招聘流程,BakeryOps,CONTROLLED_UPDATE
68,HOTCRUSH-CORE-V1-REVIEW-R6-2026-08-10,hr_assessment,候选人评估,hr,CORE_BUSINESS,CORE_MIGRATION,申请 × 评估类型 × 一次评估一行,CORE_BASE_FACT,PASS_MINIMUM_PHYSICAL_FOUNDATION,PARTIAL_FIELDS_DERIVED_IN_VIEW,保存一次结构化评估的建议、红线结论、评估者和模板版本；总分由明细视图派生。；这是来源原值或最小业务事件，是多种派生分析的不可替代输入。,total_score -> v_hr_assessment_summary,KEEP_IN_PHASE1,R5_PHYSICAL_CANDIDATE_REAUDITED_IN_R6,CLAUDE_CORE_KEEP,HR或业务面试官,BakeryOps | 分析/BI,APPEND_ONLY
69,HOTCRUSH-CORE-V1-REVIEW-R6-2026-08-10,hr_assessment_score,评估项目得分,hr,CORE_BUSINESS,CORE_MIGRATION,评估 × 评分项目一行,CORE_BASE_FACT,PASS_MINIMUM_PHYSICAL_FOUNDATION,NO,逐项保存评分、权重、红线和证据，避免只有总分无法解释。；这是来源原值或最小业务事件，是多种派生分析的不可替代输入。,,KEEP_IN_PHASE1,R5_PHYSICAL_CANDIDATE_REAUDITED_IN_R6,CLAUDE_CORE_KEEP,HR或业务面试官,BakeryOps | 分析/BI,APPEND_ONLY
70,HOTCRUSH-CORE-V1-REVIEW-R6-2026-08-10,hr_offer,Offer版本,hr,CORE_BUSINESS,CORE_MIGRATION,申请 × Offer版本一行,CORE_WORKFLOW_FACT,PASS_MINIMUM_PHYSICAL_FOUNDATION,NO,版本化保存候选人的岗位、地点、薪酬摘要、有效期和接受状态。；人工决定、批准、状态转换或业务副作用本身就是事实，不能从最终结果倒推。,,KEEP_IN_PHASE1,R5_PHYSICAL_CANDIDATE_REAUDITED_IN_R6,CLAUDE_CORE_KEEP,HR 招聘流程,BakeryOps | 授权财务,DRAFT_MUTABLE_THEN_FROZEN
71,HOTCRUSH-CORE-V1-REVIEW-R6-2026-08-10,hr_onboarding_task,入职任务,hr,EXTENSION_PACK:TRAINING_AND_ONBOARDING,PLANNED_MODULE,雇佣关系 × 入职任务代码一行,EXTENSION_PACK,NOT_PHASE1_EXTENSION_ONLY,NOT_APPLICABLE_UNTIL_MODULE_ENABLED,逐项跟踪合同、证件、系统账号、培训和门店准备等入职事项。；只有对应模块启用并出现真实写入者、业务副作用或处理历史时才物理实施，首期不建。,,DESIGN_ONLY_DO_NOT_CREATE,R5_PHYSICAL_CANDIDATE_REAUDITED_IN_R6,CLAUDE_EXTENSION_LATER,HR 入职流程,BakeryOps,CONTROLLED_UPDATE
72,HOTCRUSH-CORE-V1-REVIEW-R6-2026-08-10,hr_employee_event,员工事件,hr,CORE_BUSINESS,CORE_MIGRATION,雇佣关系 × 一次事件一行,CORE_WORKFLOW_FACT,PASS_MINIMUM_PHYSICAL_FOUNDATION,NO,记录转正、调动、停职、奖惩、离职等不可变人事事件。；人工决定、批准、状态转换或业务副作用本身就是事实，不能从最终结果倒推。,,KEEP_IN_PHASE1,R5_PHYSICAL_CANDIDATE_REAUDITED_IN_R6,CLAUDE_CORE_KEEP,HR 人事流程,BakeryOps | 授权财务 | 分析/BI,APPEND_ONLY_DECISION_RECORD
73,HOTCRUSH-CORE-V1-REVIEW-R6-2026-08-10,hr_screening_rule,招聘筛选规则,hr,CORE_BUSINESS,CORE_MIGRATION,一个规则版本一行,CORE_MASTER_IDENTITY,PASS_MINIMUM_PHYSICAL_FOUNDATION,NO,保存经人工批准、带证据和适用范围的招聘筛选规则。；稳定身份、有效期映射、单位换算或已发布定义无法从交易结果可靠反推。,,KEEP_IN_PHASE1,R5_PHYSICAL_CANDIDATE_REAUDITED_IN_R6,CLAUDE_CORE_KEEP,HR规则审核流程,BakeryOps | 分析/BI,DRAFT_MUTABLE_THEN_FROZEN
74,HOTCRUSH-CORE-V1-REVIEW-R6-2026-08-10,hr_training_course,培训课程,hr,EXTENSION_PACK:TRAINING_AND_ONBOARDING,PLANNED_MODULE,一个培训课程一行,EXTENSION_PACK,NOT_PHASE1_EXTENSION_ONLY,NOT_APPLICABLE_UNTIL_MODULE_ENABLED,维护课程稳定身份，内容和考核规则放在版本表。；只有对应模块启用并出现真实写入者、业务副作用或处理历史时才物理实施，首期不建。,,DESIGN_ONLY_DO_NOT_CREATE,R5_PHYSICAL_CANDIDATE_REAUDITED_IN_R6,CLAUDE_EXTENSION_LATER,HR培训管理,BakeryOps | 分析/BI,CONTROLLED_UPDATE
75,HOTCRUSH-CORE-V1-REVIEW-R6-2026-08-10,hr_training_course_version,培训课程版本,hr,EXTENSION_PACK:TRAINING_AND_ONBOARDING,PLANNED_MODULE,课程 × 版本号一行,EXTENSION_PACK,NOT_PHASE1_EXTENSION_ONLY,NOT_APPLICABLE_UNTIL_MODULE_ENABLED,冻结课程内容、及格线、有效期和考核规则版本。；只有对应模块启用并出现真实写入者、业务副作用或处理历史时才物理实施，首期不建。,,DESIGN_ONLY_DO_NOT_CREATE,R5_PHYSICAL_CANDIDATE_REAUDITED_IN_R6,CLAUDE_EXTENSION_LATER,HR培训管理,BakeryOps | 分析/BI,DRAFT_MUTABLE_THEN_FROZEN
76,HOTCRUSH-CORE-V1-REVIEW-R6-2026-08-10,hr_training_assignment,培训指派,hr,EXTENSION_PACK:TRAINING_AND_ONBOARDING,PLANNED_MODULE,雇佣关系 × 课程版本 × 一次指派一行,EXTENSION_PACK,NOT_PHASE1_EXTENSION_ONLY,NOT_APPLICABLE_UNTIL_MODULE_ENABLED,记录员工被要求完成的具体课程版本、期限和原因。；只有对应模块启用并出现真实写入者、业务副作用或处理历史时才物理实施，首期不建。,,DESIGN_ONLY_DO_NOT_CREATE,R5_PHYSICAL_CANDIDATE_REAUDITED_IN_R6,CLAUDE_EXTENSION_LATER,HR或门店培训负责人,BakeryOps | 分析/BI,CONTROLLED_WORKFLOW
77,HOTCRUSH-CORE-V1-REVIEW-R6-2026-08-10,hr_training_result,培训结果,hr,EXTENSION_PACK:TRAINING_AND_ONBOARDING,PLANNED_MODULE,培训指派 × 一次尝试一行,EXTENSION_PACK,NOT_PHASE1_EXTENSION_ONLY,NOT_APPLICABLE_UNTIL_MODULE_ENABLED,保存一次课程学习或考试的分数、结果和资格有效期。；只有对应模块启用并出现真实写入者、业务副作用或处理历史时才物理实施，首期不建。,,DESIGN_ONLY_DO_NOT_CREATE,R5_PHYSICAL_CANDIDATE_REAUDITED_IN_R6,CLAUDE_EXTENSION_LATER,培训系统或负责人,BakeryOps | 分析/BI,APPEND_ONLY
78,HOTCRUSH-CORE-V1-REVIEW-R6-2026-08-10,ops_role,标准岗位,ops,CORE_BUSINESS,CORE_MIGRATION,一个标准岗位一行,CORE_MASTER_IDENTITY,PASS_MINIMUM_PHYSICAL_FOUNDATION,NO,维护排班、招聘和培训共同使用的标准岗位身份。；稳定身份、有效期映射、单位换算或已发布定义无法从交易结果可靠反推。,,KEEP_IN_PHASE1,R5_PHYSICAL_CANDIDATE_REAUDITED_IN_R6,CLAUDE_CORE_KEEP,BakeryOps 运营主数据,BakeryOps | HR | 分析/BI,CONTROLLED_UPDATE
79,HOTCRUSH-CORE-V1-REVIEW-R6-2026-08-10,ops_station,标准工位,ops,EXTENSION_PACK:SHIFT_AND_WORKFORCE,PLANNED_MODULE,一个标准工位定义一行,EXTENSION_PACK,NOT_PHASE1_EXTENSION_ONLY,NOT_APPLICABLE_UNTIL_MODULE_ENABLED,维护地点内可排班的工位或工作区域。；只有对应模块启用并出现真实写入者、业务副作用或处理历史时才物理实施，首期不建。,,DESIGN_ONLY_DO_NOT_CREATE,R5_PHYSICAL_CANDIDATE_REAUDITED_IN_R6,CLAUDE_EXTENSION_LATER,BakeryOps 运营主数据,BakeryOps | 分析/BI,CONTROLLED_UPDATE
80,HOTCRUSH-CORE-V1-REVIEW-R6-2026-08-10,ops_role_training_requirement,岗位培训要求,ops,EXTENSION_PACK:TRAINING_AND_ONBOARDING,PLANNED_MODULE,岗位 × 课程 × 生效区间一行,EXTENSION_PACK,NOT_PHASE1_EXTENSION_ONLY,NOT_APPLICABLE_UNTIL_MODULE_ENABLED,定义岗位需要哪些课程、是否强制和有效期规则。；只有对应模块启用并出现真实写入者、业务副作用或处理历史时才物理实施，首期不建。,,DESIGN_ONLY_DO_NOT_CREATE,R5_PHYSICAL_CANDIDATE_REAUDITED_IN_R6,CLAUDE_EXTENSION_LATER,运营与HR共同维护,BakeryOps | HR | 分析/BI,CONTROLLED_UPDATE
81,HOTCRUSH-CORE-V1-REVIEW-R6-2026-08-10,ops_shift_plan_version,班表版本,ops,EXTENSION_PACK:SHIFT_AND_WORKFORCE,PLANNED_MODULE,地点 × 营业日 × 版本号一行,EXTENSION_PACK,NOT_PHASE1_EXTENSION_ONLY,NOT_APPLICABLE_UNTIL_MODULE_ENABLED,直接保留某地点某营业日班表每次草稿、资格校验、批准、发布或取消，不再另建空壳班表主单。；只有对应模块启用并出现真实写入者、业务副作用或处理历史时才物理实施，首期不建。,,DESIGN_ONLY_DO_NOT_CREATE; R6_MERGE_INTO: absorb ops_shift_plan; location + business date is the stable shift-plan identity,R5_PHYSICAL_CANDIDATE_REAUDITED_IN_R6,CLAUDE_EXTENSION_LATER; CODEX_FURTHER_MERGED_REDUNDANT_EXTENSION_SHELL,BakeryOps；审批人改变状态,BakeryOps | HR | 财务网站 | 分析/BI,DRAFT_MUTABLE_THEN_FROZEN
82,HOTCRUSH-CORE-V1-REVIEW-R6-2026-08-10,ops_shift_requirement,班次岗位需求,ops,EXTENSION_PACK:SHIFT_AND_WORKFORCE,PLANNED_MODULE,班表版本 × 时段 × 岗位 × 工位一行,EXTENSION_PACK,NOT_PHASE1_EXTENSION_ONLY,NOT_APPLICABLE_UNTIL_MODULE_ENABLED,明确每个时段需要的岗位、工位、人数和关键岗位属性。；只有对应模块启用并出现真实写入者、业务副作用或处理历史时才物理实施，首期不建。,,DESIGN_ONLY_DO_NOT_CREATE,R5_PHYSICAL_CANDIDATE_REAUDITED_IN_R6,CLAUDE_EXTENSION_LATER,BakeryOps 排班流程,BakeryOps | HR | 分析/BI,APPEND_ONLY
83,HOTCRUSH-CORE-V1-REVIEW-R6-2026-08-10,ops_shift_assignment,班次员工指派,ops,EXTENSION_PACK:SHIFT_AND_WORKFORCE,PLANNED_MODULE,班次需求 × 雇佣关系 × 一段指派一行,EXTENSION_PACK,NOT_PHASE1_EXTENSION_ONLY,NOT_APPLICABLE_UNTIL_MODULE_ENABLED,把合资格员工明确指派到班表时段、岗位和工位。；只有对应模块启用并出现真实写入者、业务副作用或处理历史时才物理实施，首期不建。,,DESIGN_ONLY_DO_NOT_CREATE,R5_PHYSICAL_CANDIDATE_REAUDITED_IN_R6,CLAUDE_EXTENSION_LATER,BakeryOps 排班流程,BakeryOps | HR | 财务网站 | 分析/BI,CONTROLLED_UPDATE
84,HOTCRUSH-CORE-V1-REVIEW-R6-2026-08-10,hr_timesheet_sync_batch,工时同步批次,hr,SOURCE_CONDITIONAL,SOURCE_CONDITIONAL,来源 × 时间窗口 × 一次同步一行,SOURCE_CONDITIONAL,NOT_PHASE1_SOURCE_UNVERIFIED,UNKNOWN_UNTIL_SOURCE_VERIFIED,记录一次 Lark 或其他工时来源同步的窗口、解析版本和完整性。；外部来源身份、粒度、权限和重跑契约尚未验证，当前只保留目标契约，不建正式表。,,DEFER_UNTIL_SOURCE_PROVEN,R5_PHYSICAL_CANDIDATE_REAUDITED_IN_R6,CLAUDE_DEFER_SOURCE,BakeryOps 工时同步任务,BakeryOps | 财务网站 | 分析/BI,CONTROLLED_UPDATE_UNTIL_TERMINAL
85,HOTCRUSH-CORE-V1-REVIEW-R6-2026-08-10,hr_timesheet_entry,实际工时事实,hr,SOURCE_CONDITIONAL,SOURCE_CONDITIONAL,来源工时记录 × 雇佣关系 × 地点 × 工作时段一行,SOURCE_CONDITIONAL,NOT_PHASE1_SOURCE_UNVERIFIED,UNKNOWN_UNTIL_SOURCE_VERIFIED,保存员工在地点、日期和工作区域的实际净工时原值与来源，不把班表当实际工时。；外部来源身份、粒度、权限和重跑契约尚未验证，当前只保留目标契约，不建正式表。,,DEFER_UNTIL_SOURCE_PROVEN,R5_PHYSICAL_CANDIDATE_REAUDITED_IN_R6,CLAUDE_DEFER_SOURCE,BakeryOps 工时同步任务,BakeryOps | 财务网站 | 分析/BI,APPEND_ONLY
86,HOTCRUSH-CORE-V1-REVIEW-R6-2026-08-10,scm_material_unit_conversion,物料单位换算,scm,CORE_BUSINESS,CORE_MIGRATION,原料 × 起始单位 × 目标单位 × 生效区间一行,CORE_MASTER_IDENTITY,PASS_MINIMUM_PHYSICAL_FOUNDATION,NO,版本化维护某种原料或包材在采购包装、配方用量和库存基础单位之间的可审核换算。；稳定身份、有效期映射、单位换算或已发布定义无法从交易结果可靠反推。,,KEEP_IN_PHASE1,R5_PHYSICAL_CANDIDATE_REAUDITED_IN_R6,CLAUDE_CORE_KEEP,供应链主数据审核,BakeryOps | 财务网站 | 分析/BI,DRAFT_MUTABLE_THEN_FROZEN
87,HOTCRUSH-CORE-V1-REVIEW-R6-2026-08-10,scm_supplier,供应商主数据,scm,CORE_BUSINESS,CORE_MIGRATION,一个法律或经营供应商一行,CORE_MASTER_IDENTITY,PASS_MINIMUM_PHYSICAL_FOUNDATION,NO,维护供应商稳定身份、采购币种、付款条件和状态。；稳定身份、有效期映射、单位换算或已发布定义无法从交易结果可靠反推。,,KEEP_IN_PHASE1,R5_PHYSICAL_CANDIDATE_REAUDITED_IN_R6,CLAUDE_CORE_KEEP,供应链主数据流程,BakeryOps | 财务网站 | 分析/BI,CONTROLLED_UPDATE
88,HOTCRUSH-CORE-V1-REVIEW-R6-2026-08-10,scm_supplier_item,供应商商品,scm,CORE_BUSINESS,CORE_MIGRATION,供应商 × 外部SKU × 生效版本一行,CORE_MASTER_IDENTITY,PASS_MINIMUM_PHYSICAL_FOUNDATION,PARTIAL_FIELDS_DERIVED_IN_VIEW,以版本行维护供应商 SKU、对应统一物料、包装换算、MOQ和商业条件；规格变化新增版本，不再拆一张一对一映射表。；稳定身份、有效期映射、单位换算或已发布定义无法从交易结果可靠反推。,base_unit_quantity -> material unit conversion,R6_MERGE_INTO: each row is an effective-dated supplier SKU/material/package version; no separate mapping table,R5_PHYSICAL_CANDIDATE_REAUDITED_IN_R6,CLAUDE_KEEP_PLUS_MERGED_R5_OBJECT,供应链主数据流程,BakeryOps | 财务网站 | 分析/BI,DRAFT_MUTABLE_THEN_FROZEN
89,HOTCRUSH-CORE-V1-REVIEW-R6-2026-08-10,scm_supplier_item_mapping_review,供应商商品映射审核,scm,EXTENSION_PACK:PROCUREMENT_AND_INVENTORY,PLANNED_MODULE,一个供应商SKU的一次待审核问题一行,EXTENSION_PACK,NOT_PHASE1_EXTENSION_ONLY,NOT_APPLICABLE_UNTIL_MODULE_ENABLED,处理供应商 SKU 无法唯一映射到 material_id 的候选和证据。；只有对应模块启用并出现真实写入者、业务副作用或处理历史时才物理实施，首期不建。,,DESIGN_ONLY_DO_NOT_CREATE,R5_PHYSICAL_CANDIDATE_REAUDITED_IN_R6,CLAUDE_EXTENSION_LATER,供应链主数据审核,BakeryOps | 财务网站,CONTROLLED_WORKFLOW
90,HOTCRUSH-CORE-V1-REVIEW-R6-2026-08-10,scm_inventory_count,库存盘点单,scm,EXTENSION_PACK:PROCUREMENT_AND_INVENTORY,PLANNED_MODULE,地点 × 盘点时点 × 一次盘点一行,EXTENSION_PACK,NOT_PHASE1_EXTENSION_ONLY,NOT_APPLICABLE_UNTIL_MODULE_ENABLED,记录某地点某时点的一次完整或抽样盘点及批准状态。；只有对应模块启用并出现真实写入者、业务副作用或处理历史时才物理实施，首期不建。,,DESIGN_ONLY_DO_NOT_CREATE,R5_PHYSICAL_CANDIDATE_REAUDITED_IN_R6,CLAUDE_EXTENSION_LATER,仓库或门店库存流程,BakeryOps | 财务网站 | 分析/BI,CONTROLLED_UPDATE
91,HOTCRUSH-CORE-V1-REVIEW-R6-2026-08-10,scm_inventory_count_line,库存盘点行,scm,EXTENSION_PACK:PROCUREMENT_AND_INVENTORY,PLANNED_MODULE,盘点单 × 原料 × 可选批号一行,EXTENSION_PACK,NOT_PHASE1_EXTENSION_ONLY,NOT_APPLICABLE_UNTIL_MODULE_ENABLED,保存盘点时每种原料的实盘数量、批次和效期。；只有对应模块启用并出现真实写入者、业务副作用或处理历史时才物理实施，首期不建。,,DESIGN_ONLY_DO_NOT_CREATE,R5_PHYSICAL_CANDIDATE_REAUDITED_IN_R6,CLAUDE_EXTENSION_LATER,仓库或门店库存流程,BakeryOps | 财务网站 | 分析/BI,APPEND_ONLY
92,HOTCRUSH-CORE-V1-REVIEW-R6-2026-08-10,scm_inventory_movement,库存移动单,scm,EXTENSION_PACK:PROCUREMENT_AND_INVENTORY,PLANNED_MODULE,一个业务库存事件一行,EXTENSION_PACK,NOT_PHASE1_EXTENSION_ONLY,NOT_APPLICABLE_UNTIL_MODULE_ENABLED,记录收货、领用、生产消耗、调整、报废或地点转移的一次库存事件。；只有对应模块启用并出现真实写入者、业务副作用或处理历史时才物理实施，首期不建。,,DESIGN_ONLY_DO_NOT_CREATE,R5_PHYSICAL_CANDIDATE_REAUDITED_IN_R6,CLAUDE_EXTENSION_LATER,供应链库存服务,BakeryOps | 财务网站 | 分析/BI,DRAFT_MUTABLE_THEN_FROZEN
93,HOTCRUSH-CORE-V1-REVIEW-R6-2026-08-10,scm_inventory_movement_line,库存移动行,scm,EXTENSION_PACK:PROCUREMENT_AND_INVENTORY,PLANNED_MODULE,库存移动单 × 原料 × 可选批号一行,EXTENSION_PACK,NOT_PHASE1_EXTENSION_ONLY,NOT_APPLICABLE_UNTIL_MODULE_ENABLED,保存库存事件中每种原料、批号和数量。；只有对应模块启用并出现真实写入者、业务副作用或处理历史时才物理实施，首期不建。,,DESIGN_ONLY_DO_NOT_CREATE,R5_PHYSICAL_CANDIDATE_REAUDITED_IN_R6,CLAUDE_EXTENSION_LATER,供应链库存服务,BakeryOps | 财务网站 | 分析/BI,APPEND_ONLY
94,HOTCRUSH-CORE-V1-REVIEW-R6-2026-08-10,scm_material_requirement_run,原料需求计算运行,scm,EXTENSION_PACK:PROCUREMENT_AND_INVENTORY,PLANNED_MODULE,地点 × 计划营业日 × 一次需求计算一行,EXTENSION_PACK,NOT_PHASE1_EXTENSION_ONLY,NOT_APPLICABLE_UNTIL_MODULE_ENABLED,把已发布生产计划按生效配方展开成原料需求，并冻结输入版本。；只有对应模块启用并出现真实写入者、业务副作用或处理历史时才物理实施，首期不建。,,DESIGN_ONLY_DO_NOT_CREATE,R5_PHYSICAL_CANDIDATE_REAUDITED_IN_R6,CLAUDE_EXTENSION_LATER,BakeryOps供应链任务,BakeryOps | 财务网站 | 分析/BI,CONTROLLED_UPDATE_UNTIL_TERMINAL
95,HOTCRUSH-CORE-V1-REVIEW-R6-2026-08-10,scm_material_requirement_component,原料需求组成血缘,scm,EXTENSION_PACK:PROCUREMENT_AND_INVENTORY,PLANNED_MODULE,需求运行 × 计划产品行 × 展开序号一行,EXTENSION_PACK,NOT_PHASE1_EXTENSION_ONLY,NOT_APPLICABLE_UNTIL_MODULE_ENABLED,逐项保留需求运行中每个计划产品行展开出的一个原料贡献或一个明确质量阻断；原料总需求只从这些最细行汇总。；只有对应模块启用并出现真实写入者、业务副作用或处理历史时才物理实施，首期不建。,planned product quantity -> immutable ops_production_plan_line | material total/base unit/quality summary -> v_scm_material_requirement_line,DESIGN_ONLY_DO_NOT_CREATE,R5_PHYSICAL_CANDIDATE_REAUDITED_IN_R6,CLAUDE_EXTENSION_LATER,BakeryOps供应链任务,BakeryOps | 财务网站 | 分析/BI,APPEND_ONLY
96,HOTCRUSH-CORE-V1-REVIEW-R6-2026-08-10,scm_replenishment_run,补货建议运行,scm,EXTENSION_PACK:PROCUREMENT_AND_INVENTORY,PLANNED_MODULE,地点 × 需求日期 × 一次补货计算一行,EXTENSION_PACK,NOT_PHASE1_EXTENSION_ONLY,NOT_APPLICABLE_UNTIL_MODULE_ENABLED,把原料需求、可用库存、在途、安全量、MOQ和提前期转换为建议订货。；只有对应模块启用并出现真实写入者、业务副作用或处理历史时才物理实施，首期不建。,,DESIGN_ONLY_DO_NOT_CREATE,R5_PHYSICAL_CANDIDATE_REAUDITED_IN_R6,CLAUDE_EXTENSION_LATER,BakeryOps供应链任务,BakeryOps | 财务网站 | 分析/BI,CONTROLLED_UPDATE_UNTIL_TERMINAL
97,HOTCRUSH-CORE-V1-REVIEW-R6-2026-08-10,scm_replenishment_line,补货建议行,scm,EXTENSION_PACK:PROCUREMENT_AND_INVENTORY,PLANNED_MODULE,补货运行 × 原料 × 供应商商品版本候选一行,EXTENSION_PACK,NOT_PHASE1_EXTENSION_ONLY,NOT_APPLICABLE_UNTIL_MODULE_ENABLED,保存原料建议量、批准量、库存构成、MOQ取整和调整原因。；只有对应模块启用并出现真实写入者、业务副作用或处理历史时才物理实施，首期不建。,approved minus suggested delta -> v_scm_replenishment_trace,DESIGN_ONLY_DO_NOT_CREATE,R5_PHYSICAL_CANDIDATE_REAUDITED_IN_R6,CLAUDE_EXTENSION_LATER,BakeryOps计算；采购人员批准,BakeryOps | 财务网站 | 分析/BI,CONTROLLED_WORKFLOW
98,HOTCRUSH-CORE-V1-REVIEW-R6-2026-08-10,scm_purchase_order_revision,采购订单版本,scm,EXTENSION_PACK:PROCUREMENT_AND_INVENTORY,PLANNED_MODULE,采购单号 × 版本号一行,EXTENSION_PACK,NOT_PHASE1_EXTENSION_ONLY,NOT_APPLICABLE_UNTIL_MODULE_ENABLED,直接保留某采购单号每次草稿、审批、发送、供应商确认或取消，不再另建空壳采购主单。；只有对应模块启用并出现真实写入者、业务副作用或处理历史时才物理实施，首期不建。,header/line reconciliation -> v_scm_purchase_order_reconciliation,DESIGN_ONLY_DO_NOT_CREATE; R6_MERGE_INTO: absorb scm_purchase_order; purchase_order_code groups immutable supplier-confirmed revisions,R5_PHYSICAL_CANDIDATE_REAUDITED_IN_R6,CLAUDE_EXTENSION_LATER; CODEX_FURTHER_MERGED_REDUNDANT_EXTENSION_SHELL,采购流程；审批人改变状态,BakeryOps | 财务网站 | 分析/BI,DRAFT_MUTABLE_THEN_FROZEN
99,HOTCRUSH-CORE-V1-REVIEW-R6-2026-08-10,scm_purchase_order_line,采购订单行,scm,EXTENSION_PACK:PROCUREMENT_AND_INVENTORY,PLANNED_MODULE,采购版本 × 供应商商品版本一行,EXTENSION_PACK,NOT_PHASE1_EXTENSION_ONLY,NOT_APPLICABLE_UNTIL_MODULE_ENABLED,保存采购版本中已确认的供应商商品版本、订购包装数量、单位价格和来源补货行。；只有对应模块启用并出现真实写入者、业务副作用或处理历史时才物理实施，首期不建。,base unit quantity -> order quantity × unit conversion | line currency -> referenced purchase-order revision,DESIGN_ONLY_DO_NOT_CREATE,R5_PHYSICAL_CANDIDATE_REAUDITED_IN_R6,CLAUDE_EXTENSION_LATER,采购流程,BakeryOps | 财务网站 | 分析/BI,APPEND_ONLY
100,HOTCRUSH-CORE-V1-REVIEW-R6-2026-08-10,scm_goods_receipt,采购收货单,scm,EXTENSION_PACK:PROCUREMENT_AND_INVENTORY,PLANNED_MODULE,采购版本 × 一次收货一行,EXTENSION_PACK,NOT_PHASE1_EXTENSION_ONLY,NOT_APPLICABLE_UNTIL_MODULE_ENABLED,记录针对供应商确认采购版本的一次实际到货、验收和入库。；只有对应模块启用并出现真实写入者、业务副作用或处理历史时才物理实施，首期不建。,,DESIGN_ONLY_DO_NOT_CREATE,R5_PHYSICAL_CANDIDATE_REAUDITED_IN_R6,CLAUDE_EXTENSION_LATER,仓库或门店收货流程,BakeryOps | 财务网站 | 分析/BI,CONTROLLED_UPDATE
101,HOTCRUSH-CORE-V1-REVIEW-R6-2026-08-10,scm_goods_receipt_line,采购收货行,scm,EXTENSION_PACK:PROCUREMENT_AND_INVENTORY,PLANNED_MODULE,收货单 × 采购行 × 可选批号一行,EXTENSION_PACK,NOT_PHASE1_EXTENSION_ONLY,NOT_APPLICABLE_UNTIL_MODULE_ENABLED,保存每个采购行的实收、拒收、批号、效期和实际价格。；只有对应模块启用并出现真实写入者、业务副作用或处理历史时才物理实施，首期不建。,,DESIGN_ONLY_DO_NOT_CREATE,R5_PHYSICAL_CANDIDATE_REAUDITED_IN_R6,CLAUDE_EXTENSION_LATER,仓库或门店收货流程,BakeryOps | 财务网站 | 分析/BI,APPEND_ONLY
102,HOTCRUSH-CORE-V1-REVIEW-R6-2026-08-10,scm_supplier_price_observation,供应商市场价观察,scm,CORE_BUSINESS,CORE_MIGRATION,供应商商品 × 观察时间 × 来源记录一行,CORE_BASE_FACT,PASS_MINIMUM_PHYSICAL_FOUNDATION,PARTIAL_FIELDS_DERIVED_IN_VIEW,沉淀报价、PO或收货形成的原始和归一化采购价，供成本卡选择生效价格。；这是来源原值或最小业务事件，是多种派生分析的不可替代输入。,normalized_price_myr -> raw price × FX rate ÷ unit conversion,KEEP_IN_PHASE1,R5_PHYSICAL_CANDIDATE_REAUDITED_IN_R6,CLAUDE_CORE_KEEP,采购或收货流程,BakeryOps | 财务网站 | 分析/BI,CONTROLLED_UPDATE_UNTIL_TERMINAL
103,HOTCRUSH-CORE-V1-REVIEW-R6-2026-08-10,cost_card_recipe_version,配方版本,cost,CORE_BUSINESS,CORE_MIGRATION,配方代码 × 版本号一行,CORE_MASTER_IDENTITY,PASS_MINIMUM_PHYSICAL_FOUNDATION,NO,一行冻结一个配方代码版本的名称、产出对象、批产量、生效区间、售价参考和发布状态；不再为只有版本表引用的配方另建主档。；稳定身份、有效期映射、单位换算或已发布定义无法从交易结果可靠反推。,,R6_MERGE_INTO: absorb cost_card_recipe; recipe_code groups immutable versions,R5_PHYSICAL_CANDIDATE_REAUDITED_IN_R6,CLAUDE_CORE_KEEP; CODEX_FURTHER_MERGED_REDUNDANT_CORE_SHELL,财务成本卡网站,财务网站 | BakeryOps | 分析/BI,DRAFT_MUTABLE_THEN_FROZEN
104,HOTCRUSH-CORE-V1-REVIEW-R6-2026-08-10,cost_card_recipe_component,配方原料组件,cost,CORE_BUSINESS,CORE_MIGRATION,配方版本 × 原料 × 序号一行,CORE_MASTER_IDENTITY,PASS_MINIMUM_PHYSICAL_FOUNDATION,PARTIAL_FIELDS_DERIVED_IN_VIEW,逐项保存配方版本的统一原料用量、损耗和净得率。；稳定身份、有效期映射、单位换算或已发布定义无法从交易结果可靠反推。,base_unit_quantity -> input quantity × unit conversion,KEEP_IN_PHASE1,R5_PHYSICAL_CANDIDATE_REAUDITED_IN_R6,CLAUDE_CORE_KEEP,财务成本卡网站,财务网站 | BakeryOps | 分析/BI,APPEND_ONLY
105,HOTCRUSH-CORE-V1-REVIEW-R6-2026-08-10,cost_card_material_price,成本采用价,cost,CORE_BUSINESS,CORE_MIGRATION,地点或全局 × 原料 × 生效区间一行,CORE_MASTER_IDENTITY,PASS_MINIMUM_PHYSICAL_FOUNDATION,NO,从供应商价格观察或人工批准值中选择某地点、原料的有效成本价格。；稳定身份、有效期映射、单位换算或已发布定义无法从交易结果可靠反推。,,KEEP_IN_PHASE1,R5_PHYSICAL_CANDIDATE_REAUDITED_IN_R6,CLAUDE_CORE_KEEP,财务成本卡网站,财务网站 | BakeryOps | 分析/BI,DRAFT_MUTABLE_THEN_FROZEN
106,HOTCRUSH-CORE-V1-REVIEW-R6-2026-08-10,finance_import_batch,财务导入批次,finance,CORE_BUSINESS,CORE_MIGRATION,来源文件或数据集 × 一次导入一行,CORE_BASE_FACT,PASS_MINIMUM_PHYSICAL_FOUNDATION,NO,记录财务模板、银行文件或人工数据每次导入的文件、期间、校验值和批准状态。；这是来源原值或最小业务事件，是多种派生分析的不可替代输入。,,KEEP_IN_PHASE1,R5_PHYSICAL_CANDIDATE_REAUDITED_IN_R6,CLAUDE_CORE_KEEP,财务网站,财务网站 | 分析/BI,CONTROLLED_UPDATE_UNTIL_TERMINAL
107,HOTCRUSH-CORE-V1-REVIEW-R6-2026-08-10,finance_sales_daily,财务日销售事实,finance,CORE_BUSINESS,CORE_MIGRATION,财务批次 × 地点 × 日期一行,CORE_BASE_FACT,PASS_MINIMUM_PHYSICAL_FOUNDATION,NO,保存财务模板口径的门店日销售，保持与 POS 事实独立用于核对。；这是来源原值或最小业务事件，是多种派生分析的不可替代输入。,,KEEP_IN_PHASE1,R5_PHYSICAL_CANDIDATE_REAUDITED_IN_R6,CLAUDE_CORE_KEEP,财务网站,财务网站 | 分析/BI,APPEND_ONLY
108,HOTCRUSH-CORE-V1-REVIEW-R6-2026-08-10,finance_item_sales_monthly,财务单品月销售,finance,CORE_BUSINESS,CORE_MIGRATION,财务批次 × 地点 × 月份 × 来源商品一行,CORE_BASE_FACT,PASS_MINIMUM_PHYSICAL_FOUNDATION,NO,保存财务模板中月度单品数量和金额，作为 POS 聚合的独立核对来源。；这是来源原值或最小业务事件，是多种派生分析的不可替代输入。,,KEEP_IN_PHASE1,R5_PHYSICAL_CANDIDATE_REAUDITED_IN_R6,CLAUDE_CORE_KEEP,财务网站,财务网站 | 分析/BI,APPEND_ONLY
109,HOTCRUSH-CORE-V1-REVIEW-R6-2026-08-10,finance_monthly_cost_line,财务月成本费用行,finance,CORE_BUSINESS,CORE_MIGRATION,财务批次 × 地点 × 月份 × 成本域 × 类别 × 子类 × 组织或来源一行,CORE_BASE_FACT,PASS_MINIMUM_PHYSICAL_FOUNDATION,NO,用统一粒度保存材料、人工、仓运和期间费用，同时保留类别和组织来源。；这是来源原值或最小业务事件，是多种派生分析的不可替代输入。,,KEEP_IN_PHASE1,R5_PHYSICAL_CANDIDATE_REAUDITED_IN_R6,CLAUDE_CORE_KEEP,财务网站,财务网站 | 分析/BI,APPEND_ONLY
110,HOTCRUSH-CORE-V1-REVIEW-R6-2026-08-10,finance_cashflow_line,财务现金流行,finance,CORE_BUSINESS,CORE_MIGRATION,财务批次 × 地点 × 月份 × 现金流项目一行,CORE_BASE_FACT,PASS_MINIMUM_PHYSICAL_FOUNDATION,NO,保存门店月度现金流项目和金额，不与收入或利润混用。；这是来源原值或最小业务事件，是多种派生分析的不可替代输入。,,KEEP_IN_PHASE1,R5_PHYSICAL_CANDIDATE_REAUDITED_IN_R6,CLAUDE_CORE_KEEP,财务网站,财务网站 | 分析/BI,APPEND_ONLY
111,HOTCRUSH-CORE-V1-REVIEW-R6-2026-08-10,finance_order_logistics_line,财务物流订货行,finance,CORE_BUSINESS,CORE_MIGRATION,财务批次 × 来源订货单 × 来源商品行一行,CORE_BASE_FACT,PASS_MINIMUM_PHYSICAL_FOUNDATION,NO,保留财务模板中包含订货、付款、发货、到港、交付和入库日期的历史物流行。；这是来源原值或最小业务事件，是多种派生分析的不可替代输入。,,KEEP_IN_PHASE1,R5_PHYSICAL_CANDIDATE_REAUDITED_IN_R6,CLAUDE_CORE_KEEP,财务网站,财务网站 | 供应链 | 分析/BI,APPEND_ONLY
112,HOTCRUSH-CORE-V1-REVIEW-R6-2026-08-10,finance_inventory_snapshot_line,财务月库存快照行,finance,CORE_BUSINESS,CORE_MIGRATION,财务批次 × 地点 × 月份 × 来源物料一行,CORE_BASE_FACT,PASS_MINIMUM_PHYSICAL_FOUNDATION,NO,保存财务模板月末现存、在途、用量、规格和采购类型。；这是来源原值或最小业务事件，是多种派生分析的不可替代输入。,,KEEP_IN_PHASE1,R5_PHYSICAL_CANDIDATE_REAUDITED_IN_R6,CLAUDE_CORE_KEEP,财务网站,财务网站 | 供应链 | 分析/BI,APPEND_ONLY
113,HOTCRUSH-CORE-V1-REVIEW-R6-2026-08-10,finance_inventory_flow_line,财务月进销存行,finance,CORE_BUSINESS,CORE_MIGRATION,财务批次 × 地点 × 月份 × 仓别 × 来源物料一行,CORE_BASE_FACT,PASS_MINIMUM_PHYSICAL_FOUNDATION,NO,保存财务模板按仓别的期初、入库、领用和期末数量。；这是来源原值或最小业务事件，是多种派生分析的不可替代输入。,,KEEP_IN_PHASE1,R5_PHYSICAL_CANDIDATE_REAUDITED_IN_R6,CLAUDE_CORE_KEEP,财务网站,财务网站 | 供应链 | 分析/BI,APPEND_ONLY
114,HOTCRUSH-CORE-V1-REVIEW-R6-2026-08-10,finance_supplier_purchase_monthly,财务供应商月采购,finance,CORE_BUSINESS,CORE_MIGRATION,财务批次 × 地点 × 月份 × 来源供应商 × 来源物料 × 规格一行,CORE_BASE_FACT,PASS_MINIMUM_PHYSICAL_FOUNDATION,NO,保存财务模板按月、供应商、物料和规格聚合的采购数量、单价和金额。；这是来源原值或最小业务事件，是多种派生分析的不可替代输入。,,KEEP_IN_PHASE1,R5_PHYSICAL_CANDIDATE_REAUDITED_IN_R6,CLAUDE_CORE_KEEP,财务网站,财务网站 | 供应链 | 分析/BI,APPEND_ONLY
115,HOTCRUSH-CORE-V1-REVIEW-R6-2026-08-10,finance_target,财务经营目标,finance,CORE_BUSINESS,CORE_MIGRATION,地点 × 月份 × 指标代码 × 版本一行,CORE_MASTER_IDENTITY,PASS_MINIMUM_PHYSICAL_FOUNDATION,NO,保存地点、月份和指标的目标值及版本。；稳定身份、有效期映射、单位换算或已发布定义无法从交易结果可靠反推。,,KEEP_IN_PHASE1,R5_PHYSICAL_CANDIDATE_REAUDITED_IN_R6,CLAUDE_CORE_KEEP,财务网站,财务网站 | BakeryOps | 分析/BI,DRAFT_MUTABLE_THEN_FROZEN
116,HOTCRUSH-CORE-V1-REVIEW-R6-2026-08-10,finance_monthly_metric,财务月度指标值,finance,CORE_BUSINESS,CORE_MIGRATION,财务批次 × 地点 × 月份 × 指标代码一行,CORE_BASE_FACT,PASS_MINIMUM_PHYSICAL_FOUNDATION,NO,保存财务模板提供的营业利润、净利润、摊销费、储值净额等标准月指标。；这是来源原值或最小业务事件，是多种派生分析的不可替代输入。,,KEEP_IN_PHASE1,R5_PHYSICAL_CANDIDATE_REAUDITED_IN_R6,CLAUDE_CORE_KEEP,财务网站,财务网站 | 分析/BI,APPEND_ONLY
117,HOTCRUSH-CORE-V1-REVIEW-R6-2026-08-10,finance_period_category_map,期间费用归类规则,finance,CORE_BUSINESS,CORE_MIGRATION,来源大类 × 来源子类 × 生效区间一行,CORE_MASTER_IDENTITY,PASS_MINIMUM_PHYSICAL_FOUNDATION,NO,版本化维护财务来源类别到销售、管理、财务、研发等期间费用口径的映射。；稳定身份、有效期映射、单位换算或已发布定义无法从交易结果可靠反推。,,KEEP_IN_PHASE1,R5_PHYSICAL_CANDIDATE_REAUDITED_IN_R6,CLAUDE_CORE_KEEP,财务网站,财务网站 | 分析/BI,DRAFT_MUTABLE_THEN_FROZEN
118,HOTCRUSH-CORE-V1-REVIEW-R6-2026-08-10,mkt_campaign_version,营销活动版本,mkt,CORE_BUSINESS,CORE_MIGRATION,活动代码 × 版本号一行,CORE_MASTER_IDENTITY,PASS_MINIMUM_PHYSICAL_FOUNDATION,NO,一行冻结一个活动代码版本的名称、类型、时间窗、适用地点、参与规则、问卷算法和奖励政策；不再为只有版本表引用的活动另建主档。；稳定身份、有效期映射、单位换算或已发布定义无法从交易结果可靠反推。,,R6_MERGE_INTO: absorb mkt_campaign; campaign_code groups immutable versions,R5_PHYSICAL_CANDIDATE_REAUDITED_IN_R6,CLAUDE_CORE_KEEP; CODEX_FURTHER_MERGED_REDUNDANT_CORE_SHELL,营销/HBTI后台,HBTI | 财务网站 | BakeryOps | 分析/BI,DRAFT_MUTABLE_THEN_FROZEN
119,HOTCRUSH-CORE-V1-REVIEW-R6-2026-08-10,mkt_campaign_member,活动会员参与,mkt,CORE_BUSINESS,CORE_MIGRATION,活动版本 × 会员一行,CORE_WORKFLOW_FACT,PASS_MINIMUM_PHYSICAL_FOUNDATION,NO,记录会员在某活动版本中的资格、邀请、开始、完成和取消历史，不再把活动状态覆盖在 pos_member 当前快照上。；人工决定、批准、状态转换或业务副作用本身就是事实，不能从最终结果倒推。,,KEEP_IN_PHASE1,R5_PHYSICAL_CANDIDATE_REAUDITED_IN_R6,CLAUDE_CORE_KEEP,营销/HBTI后台,HBTI | 财务网站 | 分析/BI,CONTROLLED_WORKFLOW
120,HOTCRUSH-CORE-V1-REVIEW-R6-2026-08-10,mkt_survey_question,问卷题目,mkt,CORE_BUSINESS,CORE_MIGRATION,活动版本 × 题目代码一行,CORE_MASTER_IDENTITY,PASS_MINIMUM_PHYSICAL_FOUNDATION,NO,版本化保存活动问卷题目、类型、顺序和必答规则。；稳定身份、有效期映射、单位换算或已发布定义无法从交易结果可靠反推。,,KEEP_IN_PHASE1,R5_PHYSICAL_CANDIDATE_REAUDITED_IN_R6,CLAUDE_CORE_KEEP,营销/HBTI后台,HBTI | 分析/BI,DRAFT_MUTABLE_THEN_FROZEN
121,HOTCRUSH-CORE-V1-REVIEW-R6-2026-08-10,mkt_survey_question_option,问卷选项,mkt,CORE_BUSINESS,CORE_MIGRATION,题目 × 选项代码一行,CORE_MASTER_IDENTITY,PASS_MINIMUM_PHYSICAL_FOUNDATION,NO,保存选择题选项代码、文本、顺序和可选分析标签。；稳定身份、有效期映射、单位换算或已发布定义无法从交易结果可靠反推。,,KEEP_IN_PHASE1,R5_PHYSICAL_CANDIDATE_REAUDITED_IN_R6,CLAUDE_CORE_KEEP,营销/HBTI后台,HBTI | 分析/BI,DRAFT_MUTABLE_THEN_FROZEN
122,HOTCRUSH-CORE-V1-REVIEW-R6-2026-08-10,mkt_survey_response,问卷作答,mkt,CORE_BUSINESS,CORE_MIGRATION,活动会员 × 尝试次数一行,CORE_BASE_FACT,PASS_MINIMUM_PHYSICAL_FOUNDATION,NO,保存会员对某活动版本的一次完整、部分或仅有历史结果锚点的问卷尝试。；这是来源原值或最小业务事件，是多种派生分析的不可替代输入。,,KEEP_IN_PHASE1,R5_PHYSICAL_CANDIDATE_REAUDITED_IN_R6,CLAUDE_CORE_KEEP,HBTI应用,HBTI | 分析/BI,CONTROLLED_UPDATE_UNTIL_TERMINAL
123,HOTCRUSH-CORE-V1-REVIEW-R6-2026-08-10,mkt_survey_answer,问卷题目答案,mkt,CORE_BUSINESS,CORE_MIGRATION,作答 × 题目 × 原子答案值一行,CORE_BASE_FACT,PASS_MINIMUM_PHYSICAL_FOUNDATION,NO,逐个原子值保存选项、评分、布尔或文本答案；多选题每个被选选项各占一行，不把多个外键塞进数组。；这是来源原值或最小业务事件，是多种派生分析的不可替代输入。,,KEEP_IN_PHASE1,R5_PHYSICAL_CANDIDATE_REAUDITED_IN_R6,CLAUDE_CORE_KEEP,HBTI应用,HBTI | 分析/BI,APPEND_ONLY
124,HOTCRUSH-CORE-V1-REVIEW-R6-2026-08-10,mkt_survey_result,问卷测评结果,mkt,CORE_BUSINESS,CORE_MIGRATION,问卷作答 × 结果类型 × 算法版本一行,CORE_DECISION_OUTPUT,PASS_HISTORICAL_DECISION_FACT,CALCULABLE_BUT_CURRENT_INPUTS_CANNOT_RECREATE_PAST_DECISION,保存一次问卷作答锚点经具体算法版本计算或由历史来源迁入的 HBTI 类型及其他测评结果；历史结果可能缺少原答案，不能冒充可复算。；虽然数值可计算，但该版本曾被提出、批准或用于触发行动，历史决定本身不可从当前输入反推。,,KEEP_IN_PHASE1,R5_PHYSICAL_CANDIDATE_REAUDITED_IN_R6,CLAUDE_CORE_KEEP,HBTI结果计算服务,HBTI | 财务网站 | 分析/BI,APPEND_ONLY
125,HOTCRUSH-CORE-V1-REVIEW-R6-2026-08-10,mkt_reward,活动奖励主数据,mkt,CORE_BUSINESS,CORE_MIGRATION,一个可发放奖励一行,CORE_MASTER_IDENTITY,PASS_MINIMUM_PHYSICAL_FOUNDATION,NO,维护礼品、优惠券或权益的稳定身份。；稳定身份、有效期映射、单位换算或已发布定义无法从交易结果可靠反推。,,KEEP_IN_PHASE1,R5_PHYSICAL_CANDIDATE_REAUDITED_IN_R6,CLAUDE_CORE_KEEP,营销后台,HBTI | 财务网站 | 分析/BI,CONTROLLED_UPDATE
126,HOTCRUSH-CORE-V1-REVIEW-R6-2026-08-10,mkt_reward_stock,活动奖励库存,mkt,CORE_BUSINESS,CORE_MIGRATION,活动版本 × 地点 × 奖励一行,CORE_WORKFLOW_FACT,PASS_MINIMUM_PHYSICAL_FOUNDATION,PARTIAL_FIELDS_DERIVED_IN_VIEW,保存活动版本、地点和奖励的可用、预留和已发数量。；人工决定、批准、状态转换或业务副作用本身就是事实，不能从最终结果倒推。,available quantity and counter reconciliation -> v_mkt_reward_stock_reconciliation,KEEP_IN_PHASE1,R5_PHYSICAL_CANDIDATE_REAUDITED_IN_R6,CLAUDE_CORE_KEEP,HBTI/营销库存服务,HBTI | 财务网站 | 分析/BI,CONTROLLED_WORKFLOW
127,HOTCRUSH-CORE-V1-REVIEW-R6-2026-08-10,mkt_reward_claim,活动奖励领取,mkt,CORE_BUSINESS,CORE_MIGRATION,活动会员 × 一次奖励领取一行,CORE_WORKFLOW_FACT,PASS_MINIMUM_PHYSICAL_FOUNDATION,NO,记录会员选择、预留、发放、到期或取消一份奖励的完整状态。；人工决定、批准、状态转换或业务副作用本身就是事实，不能从最终结果倒推。,,KEEP_IN_PHASE1,R5_PHYSICAL_CANDIDATE_REAUDITED_IN_R6,CLAUDE_CORE_KEEP,HBTI/营销库存服务,HBTI | 财务网站 | 分析/BI,CONTROLLED_WORKFLOW
128,HOTCRUSH-CORE-V1-REVIEW-R6-2026-08-10,msg_conversation,消息会话,msg,CORE_PLATFORM,CORE_MIGRATION,一个渠道会话一行,CORE_PLATFORM_STATE,PASS_PLATFORM_SIDECAR_NOT_BUSINESS_FACT,NOT_DERIVABLE_FOR_RECOVERY_OR_SECURITY,统一表示内部助手、候选人 WhatsApp 或会员活动的一段会话，并用类型化外键连接业务对象。；身份权限、幂等、安全、任务恢复、审计或投递恢复需要持久技术状态；它不是业务分析表。,last message display -> ordered msg_message,KEEP_IN_PHASE1,R5_PHYSICAL_CANDIDATE_REAUDITED_IN_R6,CLAUDE_CORE_KEEP,BakeryOps消息服务,BakeryOps | HBTI | 分析/BI,CONTROLLED_UPDATE
129,HOTCRUSH-CORE-V1-REVIEW-R6-2026-08-10,msg_message,会话消息,msg,CORE_PLATFORM,CORE_MIGRATION,会话 × 一条消息一行,CORE_PLATFORM_STATE,PASS_PLATFORM_SIDECAR_NOT_BUSINESS_FACT,NOT_DERIVABLE_FOR_RECOVERY_OR_SECURITY,只追加保存会话中的入站、出站和系统消息及经过审核的正文。；身份权限、幂等、安全、任务恢复、审计或投递恢复需要持久技术状态；它不是业务分析表。,,KEEP_IN_PHASE1,R5_PHYSICAL_CANDIDATE_REAUDITED_IN_R6,CLAUDE_CORE_KEEP,BakeryOps消息服务,BakeryOps | HBTI,APPEND_ONLY
130,HOTCRUSH-CORE-V1-REVIEW-R6-2026-08-10,msg_conversation_state,会话流程状态,msg,CORE_PLATFORM,CORE_MIGRATION,会话 × 工作流代码一行,CORE_PLATFORM_STATE,PASS_PLATFORM_SIDECAR_NOT_BUSINESS_FACT,NOT_DERIVABLE_FOR_RECOVERY_OR_SECURITY,保存招聘或助手多轮流程的当前节点、已收集参数和到期时间；完成后仍保留最终状态摘要。；身份权限、幂等、安全、任务恢复、审计或投递恢复需要持久技术状态；它不是业务分析表。,,KEEP_IN_PHASE1,R5_PHYSICAL_CANDIDATE_REAUDITED_IN_R6,CLAUDE_CORE_KEEP,BakeryOps编排器,BakeryOps,CONTROLLED_WORKFLOW
131,HOTCRUSH-CORE-V1-REVIEW-R6-2026-08-10,msg_outbound_message,外发消息队列,msg,CORE_PLATFORM,CORE_MIGRATION,一次计划外发消息一行,CORE_PLATFORM_STATE,PASS_PLATFORM_SIDECAR_NOT_BUSINESS_FACT,NOT_DERIVABLE_FOR_RECOVERY_OR_SECURITY,保存待发送消息、业务推送自然键、最早发送时间、幂等键和队列状态；投递次数、最后错误和成功去重结论从投递事实派生。；身份权限、幂等、安全、任务恢复、审计或投递恢复需要持久技术状态；它不是业务分析表。,attempt count and last error -> ordered msg_delivery_attempt | successful daily-push deduplication -> queue natural key + delivery facts,R6_MERGE_INTO: absorb msg_push_deduplication; queue natural key plus delivery facts determines success,R5_PHYSICAL_CANDIDATE_REAUDITED_IN_R6,CLAUDE_CORE_KEEP; CODEX_FURTHER_MERGED_REDUNDANT_CORE_SHELL,BakeryOps消息服务,BakeryOps | HBTI,CONTROLLED_QUEUE_STATE
132,HOTCRUSH-CORE-V1-REVIEW-R6-2026-08-10,msg_delivery_attempt,消息投递尝试,msg,CORE_PLATFORM,CORE_MIGRATION,外发消息 × 一次发送尝试一行,CORE_PLATFORM_STATE,PASS_PLATFORM_SIDECAR_NOT_BUSINESS_FACT,NOT_DERIVABLE_FOR_RECOVERY_OR_SECURITY,只追加记录外发消息每次调用渠道、结果、外部消息ID和脱敏错误。；身份权限、幂等、安全、任务恢复、审计或投递恢复需要持久技术状态；它不是业务分析表。,,KEEP_IN_PHASE1,R5_PHYSICAL_CANDIDATE_REAUDITED_IN_R6,CLAUDE_CORE_KEEP,BakeryOps消息worker,BakeryOps | 分析/BI,APPEND_ONLY
133,HOTCRUSH-CORE-V1-REVIEW-R6-2026-08-10,msg_delivery_event,消息投递状态事件,msg,EXTENSION_PACK:CHANNEL_RECEIPTS,PLANNED_MODULE,外发消息 × 一次渠道状态事件一行,EXTENSION_PACK,NOT_PHASE1_EXTENSION_ONLY,NOT_APPLICABLE_UNTIL_MODULE_ENABLED,只追加保存渠道回执中的 SENT、DELIVERED、READ、FAILED 等状态变化，避免覆盖消息历史状态。；只有对应模块启用并出现真实写入者、业务副作用或处理历史时才物理实施，首期不建。,,DESIGN_ONLY_DO_NOT_CREATE,R5_PHYSICAL_CANDIDATE_REAUDITED_IN_R6,CLAUDE_EXTENSION_LATER,BakeryOps消息回执服务,BakeryOps | HBTI | 分析/BI,APPEND_ONLY
134,HOTCRUSH-CORE-V1-REVIEW-R6-2026-08-10,ai_prompt_segment,Prompt片段版本,ai,CORE_PLATFORM,CORE_MIGRATION,Prompt片段代码 × 版本号一行,CORE_PLATFORM_STATE,PASS_PLATFORM_SIDECAR_NOT_BUSINESS_FACT,NOT_DERIVABLE_FOR_RECOVERY_OR_SECURITY,一行冻结一个可复用 Prompt 片段版本的内容、变量结构和校验值；不在每个模板关联中重复复制内容。；身份权限、幂等、安全、任务恢复、审计或投递恢复需要持久技术状态；它不是业务分析表。,,KEEP_IN_PHASE1,R5_PHYSICAL_CANDIDATE_REAUDITED_IN_R6,CLAUDE_CORE_KEEP,BakeryOps AI配置,BakeryOps | 分析/BI,DRAFT_MUTABLE_THEN_FROZEN
135,HOTCRUSH-CORE-V1-REVIEW-R6-2026-08-10,ai_prompt_template,Prompt模板版本,ai,CORE_PLATFORM,CORE_MIGRATION,AI场景代码 × 版本号一行,CORE_PLATFORM_STATE,PASS_PLATFORM_SIDECAR_NOT_BUSINESS_FACT,NOT_DERIVABLE_FOR_RECOVERY_OR_SECURITY,一行冻结一个 AI 场景模板版本的模型、参数、输出 schema 和安全策略；不再为稳定模板头另拆版本表。；身份权限、幂等、安全、任务恢复、审计或投递恢复需要持久技术状态；它不是业务分析表。,,R6_MERGE_INTO: each row is one immutable template version; no separate template-version table,R5_PHYSICAL_CANDIDATE_REAUDITED_IN_R6,CLAUDE_KEEP_PLUS_MERGED_R5_OBJECT,BakeryOps AI配置,BakeryOps | 分析/BI,DRAFT_MUTABLE_THEN_FROZEN
136,HOTCRUSH-CORE-V1-REVIEW-R6-2026-08-10,ai_prompt_template_segment,模板片段组合,ai,CORE_PLATFORM,CORE_MIGRATION,模板版本 × 顺序一行,CORE_PLATFORM_STATE,PASS_PLATFORM_SIDECAR_NOT_BUSINESS_FACT,NOT_DERIVABLE_FOR_RECOVERY_OR_SECURITY,按顺序连接模板版本和已冻结片段版本，只保存组合关系及消息角色。；身份权限、幂等、安全、任务恢复、审计或投递恢复需要持久技术状态；它不是业务分析表。,content/hash/variable schema -> referenced ai_prompt_segment version,KEEP_IN_PHASE1,R5_PHYSICAL_CANDIDATE_REAUDITED_IN_R6,CLAUDE_CORE_KEEP,BakeryOps AI配置,BakeryOps | 分析/BI,APPEND_ONLY
137,HOTCRUSH-CORE-V1-REVIEW-R6-2026-08-10,ai_call,AI调用流水,ai,CORE_PLATFORM,CORE_MIGRATION,一次模型请求一行,CORE_PLATFORM_STATE,PASS_PLATFORM_SIDECAR_NOT_BUSINESS_FACT,NOT_DERIVABLE_FOR_RECOVERY_OR_SECURITY,记录一次模型调用的模板版本、调用方、输入引用、输出、token、成本、延迟和验证结果。；身份权限、幂等、安全、任务恢复、审计或投递恢复需要持久技术状态；它不是业务分析表。,,KEEP_IN_PHASE1,R5_PHYSICAL_CANDIDATE_REAUDITED_IN_R6,CLAUDE_CORE_KEEP,BakeryOps AI服务,BakeryOps | 安全管理员 | 分析/BI,CONTROLLED_UPDATE_UNTIL_TERMINAL
