view_name,chinese_name,domain,purpose,row_grain,implementation_tier,readiness_status,readiness_blockers,grain_key,direct_lineage,physical_base_tables,readers,field_count,notes
v_app_data_quality_summary,数据质量总览,app,把各业务域只读核对视图的当前质量结论汇总成统一看板，不复制业务对象、不保存多态 entity_type/entity_id 工单。,source_view_name × domain_code × rule_code × severity × quality_status,PHASE1,BLOCK_MISSING_FACT_OR_RULE,BLOCKED_QUALITY_VIEW_DEPENDENCY | QUALITY_RULE_MAPPING_UNDEFINED | SEVERITY_MAPPING_UNDEFINED | CURRENCY_AGGREGATION_RULE_UNDEFINED | BLOCKED_COST_QUALITY_DEPENDENCY,source_view_name + domain_code + rule_code + severity + quality_status,v_identity_mapping_gap | v_pos_revenue_reconciliation | v_pos_member_daily_summary | v_cost_card_product_cost_quality | v_finance_sales_reconciliation | v_mkt_reward_stock_reconciliation,cost_card_material_cost_selection | cost_card_recipe_component | cost_card_recipe_version | finance_currency_assignment | finance_currency_policy | finance_fx_rate_observation | finance_import_batch | finance_sales_daily | hr_employment_mapping_review | hr_employment_source_identity | mkt_reward_claim | mkt_reward_stock | ops_business_rule | ops_location | ops_location_source_identity | ops_production_plan_line | ops_production_plan_version | pos_daily_breakdown | pos_ingest_batch | pos_item_sales_hour | pos_member_daily_metric | pos_product_listing | pos_product_mapping | pos_product_mapping_review | pos_sales_day | pos_sales_hour | scm_material | scm_material_price_observation | scm_material_source_identity | scm_material_unit_conversion,所有项目 | 分析/BI,10,R6A1 closed structural field/type/nullability/lineage contract. New field business metadata is explicitly STRUCTURAL_CONTRACT_ONLY; readiness is not promoted and SELECT specification remains blocked.
v_business_timeline,统一经营时间线,app,按地点和营业日统一索引计划、生产、销售、人员、采购、成本、财务和活动事件。,event_domain × event_type × event_id,SOURCE_CONDITIONAL,DEFER_SOURCE,SOURCE_CONTRACT_NOT_VERIFIED:HR_TIMESHEET_ENTRY | EXTENSION_PACK_NOT_ACTIVATED:PROCUREMENT_AND_INVENTORY | EXTENSION_PACK_NOT_ACTIVATED:PRODUCTION_EXECUTION | EXTENSION_PACK_NOT_ACTIVATED:SHIFT_AND_WORKFORCE | BLOCKED_COST_SNAPSHOT_DEPENDENCY | COST_SNAPSHOT_EVENT_ID_TYPE_MISMATCH,event_domain + event_type + event_id,v_pos_sales_day_current | ops_operational_event | ops_production_plan_version | ops_production_run | ops_dispatch | ops_shift_plan_version | v_hr_timesheet_entry_current | scm_purchase_order_revision | scm_goods_receipt | v_cost_card_product_cost_snapshot | finance_import_batch | mkt_campaign_member,cost_card_material_cost_selection | cost_card_recipe_component | cost_card_recipe_version | finance_currency_assignment | finance_currency_policy | finance_fx_rate_observation | finance_import_batch | hr_timesheet_entry | hr_timesheet_sync_batch | mkt_campaign_member | ops_business_rule | ops_dispatch | ops_location | ops_operational_event | ops_production_plan_line | ops_production_plan_version | ops_production_run | ops_shift_plan_version | pos_ingest_batch | pos_item_sales_hour | pos_product_listing | pos_product_mapping | pos_sales_day | scm_goods_receipt | scm_material | scm_material_price_observation | scm_material_unit_conversion | scm_purchase_order_revision,所有项目 | 分析/BI,11,R6A1 closed structural field/type/nullability/lineage contract. New field business metadata is explicitly STRUCTURAL_CONTRACT_ONLY; readiness is not promoted and SELECT specification remains blocked.
v_cost_card_daily_margin,门店当日毛利汇总,cost,按地点和营业日汇总产品毛利，同时给出全部成本覆盖和可信成本覆盖。,location_id × business_date × sales_currency_code,PHASE1,BLOCK_MISSING_FACT_OR_RULE,BLOCKED_PRODUCT_MARGIN_DEPENDENCY | CURRENCY_PARTITION_RULE_UNDEFINED | COVERAGE_STATUS_THRESHOLD_UNDEFINED,location_id + business_date + sales_currency_code,v_cost_card_product_daily_margin | v_pos_sales_day_current,cost_card_material_cost_selection | cost_card_recipe_component | cost_card_recipe_version | finance_currency_assignment | finance_currency_policy | finance_fx_rate_observation | ops_business_rule | ops_location | ops_production_plan_line | ops_production_plan_version | pos_ingest_batch | pos_item_sales_hour | pos_product_listing | pos_product_mapping | pos_sales_day | scm_material | scm_material_price_observation | scm_material_unit_conversion,财务网站 | BakeryOps | 分析/BI,14,R6A1 closed structural field/type/nullability/lineage contract. New field business metadata is explicitly STRUCTURAL_CONTRACT_ONLY; readiness is not promoted and SELECT specification remains blocked.
v_cost_card_material_cost_selection_resolved,R6A1结构视图：v_cost_card_material_cost_selection_resolved,cost,为每个地点或全局原料选择当前生效的批准成本价格并显示来源质量。,material_cost_selection_id,PHASE1,BLOCK_MISSING_FACT_OR_RULE,CROSS_TABLE_ELIGIBILITY_TRIGGER_NOT_COMPILED | IDENTITY_PAIR_FX_RULE_NOT_COMPILED | DIRECT_FX_RATE_FRESHNESS_RULE_NOT_COMPILED | POLICY_ROUNDING_NOT_COMPILED | SELECT_SPEC_MISSING,material_cost_selection_id,cost_card_material_cost_selection | scm_material_price_observation | scm_material_unit_conversion | finance_currency_assignment | finance_currency_policy | finance_fx_rate_observation,cost_card_material_cost_selection | finance_currency_assignment | finance_currency_policy | finance_fx_rate_observation | scm_material_price_observation | scm_material_unit_conversion,财务网站 | BakeryOps | 分析/BI,26,R6A1 closed structural field/type/nullability/lineage contract. New field business metadata is explicitly STRUCTURAL_CONTRACT_ONLY; readiness is not promoted and SELECT specification remains blocked.
v_cost_card_product_cost_component,产品成本组件明细,cost,按营业日和地点把生效配方递归展开到最终原料，并选择当时有效的成本采用价；全部结果可由配方、价格和规则重算，不落第二份成本事实。,target_currency_assignment_id × location_id × business_date × product_id × recipe_version_id × path_component_ids × material_id,PHASE1,BLOCK_MISSING_FACT_OR_RULE,BLOCKED_RECIPE_EXPANSION_DEPENDENCY | PRODUCT_DATE_UNIVERSE_UNDEFINED | COST_SELECTION_EFFECTIVE_TIME_RULE_UNDEFINED | CURRENCY_ASSIGNMENT_EFFECTIVE_TIME_RULE_UNDEFINED | BLOCKED_MATERIAL_COST_RESOLUTION,target_currency_assignment_id + location_id + business_date + product_id + recipe_version_id + path_component_ids + material_id,v_cost_card_recipe_expanded | cost_card_recipe_version | v_cost_card_material_cost_selection_resolved | v_pos_item_sales_day | ops_production_plan_version | ops_production_plan_line | finance_currency_assignment | ops_location,cost_card_material_cost_selection | cost_card_recipe_component | cost_card_recipe_version | finance_currency_assignment | finance_currency_policy | finance_fx_rate_observation | ops_location | ops_production_plan_line | ops_production_plan_version | pos_ingest_batch | pos_item_sales_hour | pos_product_listing | pos_product_mapping | scm_material | scm_material_price_observation | scm_material_unit_conversion,财务网站 | BakeryOps | 分析/BI,19,R6A1 closed structural field/type/nullability/lineage contract. New field business metadata is explicitly STRUCTURAL_CONTRACT_ONLY; readiness is not promoted and SELECT specification remains blocked.
v_cost_card_product_cost_quality,产品成本质量,cost,显示产品当前成本、组件覆盖、价格新鲜度和可信状态。,target_currency_assignment_id × location_id × business_date × product_id,PHASE1,BLOCK_MISSING_FACT_OR_RULE,BLOCKED_COST_SNAPSHOT_DEPENDENCY | QUALITY_STATUS_PROJECTION_RULE_UNDEFINED | SELECT_SPEC_MISSING,target_currency_assignment_id + location_id + business_date + product_id,v_cost_card_product_cost_snapshot,cost_card_material_cost_selection | cost_card_recipe_component | cost_card_recipe_version | finance_currency_assignment | finance_currency_policy | finance_fx_rate_observation | ops_business_rule | ops_location | ops_production_plan_line | ops_production_plan_version | pos_ingest_batch | pos_item_sales_hour | pos_product_listing | pos_product_mapping | scm_material | scm_material_price_observation | scm_material_unit_conversion,财务网站 | BakeryOps | 分析/BI,11,R6A1 closed structural field/type/nullability/lineage contract. New field business metadata is explicitly STRUCTURAL_CONTRACT_ONLY; readiness is not promoted and SELECT specification remains blocked.
v_cost_card_product_cost_snapshot,产品成本派生快照,cost,从产品成本组件明细汇总某地点、营业日和产品的单位材料成本，并用批准的成本范围规则明确是否可称为总成本。,target_currency_assignment_id × location_id × business_date × product_id,PHASE1,BLOCK_MISSING_FACT_OR_RULE,BLOCKED_COST_COMPONENT_DEPENDENCY | COST_SCOPE_RULE_UNDEFINED | QUALITY_STATUS_PRECEDENCE_UNDEFINED | CURRENCY_UNIFORMITY_RULE_UNDEFINED | FX_MISSING_PRECEDENCE_UNDEFINED,target_currency_assignment_id + location_id + business_date + product_id,v_cost_card_product_cost_component | ops_business_rule,cost_card_material_cost_selection | cost_card_recipe_component | cost_card_recipe_version | finance_currency_assignment | finance_currency_policy | finance_fx_rate_observation | ops_business_rule | ops_location | ops_production_plan_line | ops_production_plan_version | pos_ingest_batch | pos_item_sales_hour | pos_product_listing | pos_product_mapping | scm_material | scm_material_price_observation | scm_material_unit_conversion,财务网站 | BakeryOps | 分析/BI,17,R6A1 closed structural field/type/nullability/lineage contract. New field business metadata is explicitly STRUCTURAL_CONTRACT_ONLY; readiness is not promoted and SELECT specification remains blocked.
v_cost_card_product_daily_margin,产品当日毛利,cost,连接产品日销量和当天成本快照，计算销售额、COGS、毛利和覆盖率。,location_id × business_date × product_id × sales_currency_code,PHASE1,BLOCK_MISSING_FACT_OR_RULE,BLOCKED_COST_SNAPSHOT_DEPENDENCY | SALES_COST_CURRENCY_MATCH_RULE_UNDEFINED | MARGIN_QUALITY_RULE_UNDEFINED,location_id + business_date + product_id + sales_currency_code,v_pos_item_sales_day | v_cost_card_product_cost_snapshot,cost_card_material_cost_selection | cost_card_recipe_component | cost_card_recipe_version | finance_currency_assignment | finance_currency_policy | finance_fx_rate_observation | ops_business_rule | ops_location | ops_production_plan_line | ops_production_plan_version | pos_ingest_batch | pos_item_sales_hour | pos_product_listing | pos_product_mapping | scm_material | scm_material_price_observation | scm_material_unit_conversion,财务网站 | BakeryOps | 分析/BI,17,R6A1 closed structural field/type/nullability/lineage contract. New field business metadata is explicitly STRUCTURAL_CONTRACT_ONLY; readiness is not promoted and SELECT specification remains blocked.
v_cost_card_recipe_current,当前生效配方,cost,按时点选择产品或半成品当前已发布配方版本。,产品或半成品一行,PHASE1,FIX_MODEL_CONTRACT,AS_OF_SEMANTICS_UNRESOLVED,output_product_id + output_material_id,cost_card_recipe_version,cost_card_recipe_version,财务网站 | BakeryOps | 分析/BI,8,"以查询 as_of 时点应用半开区间 effective_from <= as_of AND (effective_to IS NULL OR as_of < effective_to)，仅 status='PUBLISHED'；按产出对象分组并按 effective_from DESC、version_no DESC、recipe_version_id DESC 取一行。每行必须满足 num_nonnulls(output_product_id, output_material_id) = 1。任何两个已发布版本有效期重叠必须先生成 BLOCKER，不能靠排序掩盖。 粒度键中的可空字段按 PostgreSQL NULLS NOT DISTINCT / IS NOT DISTINCT FROM 语义分组和去重，包括：output_product_id, output_material_id；不得让 NULL 绕过去重或产生重复业务行。"
v_cost_card_recipe_expanded,配方展开,cost,递归展开产品和半成品配方到最终统一原料，并保留路径和累计用量。,顶层配方版本 × 路径 × 最终原料一行,PHASE1,BLOCK_MISSING_FACT_OR_RULE,RECIPE_RECURSION_RULE_UNDEFINED | UNIT_CONVERSION_PATH_RULE_UNDEFINED,root_recipe_version_id + path_component_ids + material_id,cost_card_recipe_version | cost_card_recipe_component | scm_material | scm_material_unit_conversion,cost_card_recipe_component | cost_card_recipe_version | scm_material | scm_material_unit_conversion,财务网站 | BakeryOps | 分析/BI,8,只读分析接口，不允许作为业务事实写入口。 粒度键中的可空字段按 PostgreSQL NULLS NOT DISTINCT / IS NOT DISTINCT FROM 语义分组和去重，包括：material_id；不得让 NULL 绕过去重或产生重复业务行。
v_finance_import_batch_current,当前获准财务批次,finance,为每个财务数据集、来源、地点范围、期间和来源层级选择唯一获准且未被替代的批次。,来源 × 数据集 × 地点范围 × 期间 × 来源层级一行,PHASE1,FIX_MODEL_CONTRACT,NULL_APPROVAL_TIMESTAMP_SELECTION_UNDEFINED,source_system_id + dataset_code + scope_location_id + period_start + period_end + source_layer,finance_import_batch,finance_import_batch,财务网站 | BakeryOps | 分析/BI,9,"只接受 status IN ('APPROVED','LOADED') 且 recognition_status IN ('APPROVED_FOR_RECONCILIATION','POSTED_ACCOUNTING')；排除被另一合格批次 supersedes 的批次；按来源、数据集、scope_location_id、期间、source_layer 分组后依次按 approved_at DESC、created_at DESC、finance_import_batch_id DESC 取一行。SOURCE_ONLY 与 POSTED_ACCOUNTING 绝不在同一指标中相加。 粒度键中的可空字段按 PostgreSQL NULLS NOT DISTINCT / IS NOT DISTINCT FROM 语义分组和去重，包括：scope_location_id；不得让 NULL 绕过去重或产生重复业务行。"
v_finance_labor_reconciliation,财务人工核对,finance,在地点月份粒度比较实际工时与财务人工成本，保持数量和金额两个事实独立。,location_id × business_month × finance_currency,SOURCE_CONDITIONAL,DEFER_SOURCE,SOURCE_CONTRACT_NOT_VERIFIED:HR_TIMESHEET_ENTRY | MULTI_CURRENCY_LABOR_PARTITION_RULE_UNDEFINED,location_id + business_month + finance_currency,v_hr_timesheet_entry_current | finance_monthly_cost_line | v_finance_import_batch_current,finance_import_batch | finance_monthly_cost_line | hr_timesheet_entry | hr_timesheet_sync_batch,财务网站 | BakeryOps | 分析/BI,9,R6A1 closed structural field/type/nullability/lineage contract. New field business metadata is explicitly STRUCTURAL_CONTRACT_ONLY; readiness is not promoted and SELECT specification remains blocked.
v_finance_margin_reconciliation,财务毛利核对,finance,比较产品日毛利聚合与财务月度利润指标，并显示成本覆盖。,location_id × business_month × ops_currency_code × finance_currency_code,PHASE1,BLOCK_MISSING_FACT_OR_RULE,BLOCKED_DAILY_MARGIN_DEPENDENCY | FINANCE_MARGIN_SOURCE_MAPPING_UNDEFINED | FINANCE_MONTHLY_METRIC_CURRENCY_NOT_STRUCTURED | CURRENCY_MATCH_RULE_UNDEFINED | RECONCILIATION_THRESHOLD_UNDEFINED,location_id + business_month + ops_currency_code + finance_currency_code,v_cost_card_product_daily_margin | finance_monthly_metric | finance_sales_daily | v_finance_import_batch_current | app_currency,app_currency | cost_card_material_cost_selection | cost_card_recipe_component | cost_card_recipe_version | finance_currency_assignment | finance_currency_policy | finance_fx_rate_observation | finance_import_batch | finance_monthly_metric | finance_sales_daily | ops_business_rule | ops_location | ops_production_plan_line | ops_production_plan_version | pos_ingest_batch | pos_item_sales_hour | pos_product_listing | pos_product_mapping | scm_material | scm_material_price_observation | scm_material_unit_conversion,财务网站 | BakeryOps | 分析/BI,12,R6A1 closed structural field/type/nullability/lineage contract. New field business metadata is explicitly STRUCTURAL_CONTRACT_ONLY; readiness is not promoted and SELECT specification remains blocked.
v_finance_purchase_reconciliation,财务采购核对,finance,比较SCM实际收货采购额与财务供应商月采购和物流订货事实。,location_id × business_month × supplier_id × material_id × currency,EXTENSION_PACK,DEFER_EXTENSION,EXTENSION_PACK_NOT_ACTIVATED:PROCUREMENT_AND_INVENTORY | CURRENCY_PARTITION_SELECT_SPEC_MISSING,location_id + business_month + supplier_id + material_id + currency,scm_goods_receipt | scm_goods_receipt_line | scm_purchase_order_line | finance_supplier_purchase_monthly | finance_order_logistics_line | v_finance_import_batch_current,finance_import_batch | finance_order_logistics_line | finance_supplier_purchase_monthly | scm_goods_receipt | scm_goods_receipt_line | scm_purchase_order_line,财务网站 | 供应链 | 分析/BI,9,R6A1 closed structural field/type/nullability/lineage contract. New field business metadata is explicitly STRUCTURAL_CONTRACT_ONLY; readiness is not promoted and SELECT specification remains blocked.
v_finance_sales_reconciliation,财务销售核对,finance,比较财务日销售与POS日销售，保留两侧口径和差异而不互相覆盖。,location_id × business_date,PHASE1,BLOCK_MISSING_FACT_OR_RULE,RECONCILIATION_THRESHOLD_UNDEFINED | CURRENCY_MATCH_RULE_UNDEFINED | RECONCILIATION_STATUS_PRECEDENCE_UNDEFINED,location_id + business_date,finance_sales_daily | v_finance_import_batch_current | v_pos_sales_day_current,finance_import_batch | finance_sales_daily | pos_ingest_batch | pos_sales_day,财务网站 | BakeryOps | 分析/BI,10,R6A1 closed structural field/type/nullability/lineage contract. New field business metadata is explicitly STRUCTURAL_CONTRACT_ONLY; readiness is not promoted and SELECT specification remains blocked.
v_finance_target_current,当前财务经营目标,finance,为每个地点或公司、月份和指标选择唯一当前生效的批准目标版本。,地点或公司 × 月份 × 指标一行,PHASE1,FIX_MODEL_CONTRACT,NULL_APPROVAL_TIMESTAMP_SELECTION_UNDEFINED | ACTIVE_VERSION_CONFLICT_OUTPUT_MISSING,location_id + business_month + metric_code,finance_target,finance_target,财务网站 | BakeryOps | 分析/BI,8,只接受 status='ACTIVE'；按 location_id（NULL作为公司范围）、business_month、metric_code 分组，依次按 version_no DESC、approved_at DESC、finance_target_id DESC 取一行。多条ACTIVE本身是质量错误，不靠排序掩盖。 粒度键中的可空字段按 PostgreSQL NULLS NOT DISTINCT / IS NOT DISTINCT FROM 语义分组和去重，包括：location_id；不得让 NULL 绕过去重或产生重复业务行。
v_hr_application_current_stage,候选申请当前阶段,hr,从不可变阶段事件中确定性选出每个候选申请当前阶段，同时保留最新事件血缘。,候选申请一行,PHASE1,BLOCK_MISSING_FACT_OR_RULE,STAGE_SEQUENCE_VALIDATION_UNDEFINED | STAGE_QUALITY_STATUS_PRECEDENCE_UNDEFINED,application_id,hr_application | hr_application_stage_event,hr_application | hr_application_stage_event,BakeryOps | 分析/BI,8,按 application_id 分组，依次按 occurred_at DESC、application_stage_event_id DESC 取一行；相同时间由UUID稳定决胜。阶段顺序异常不自动修复，进入质量队列。
v_hr_assessment_summary,候选评估汇总,hr,从逐项评分派生加权总分、满分和得分率，并与评估建议及红线结论一起展示。,一次候选评估一行,PHASE1,FIX_MODEL_CONTRACT,ASSESSMENT_QUALITY_STATUS_PRECEDENCE_UNDEFINED,assessment_id,hr_assessment | hr_assessment_score,hr_assessment | hr_assessment_score,BakeryOps | 分析/BI,9,total_score 不落基础表。recommendation 和 red_flag 是人的决策事实，不允许仅由 score_rate 反推或覆盖。
v_hr_role_eligibility,员工岗位资格,hr,按当前日期汇总员工对岗位的培训要求、通过结果和有效期。,雇佣关系 × 岗位一行,EXTENSION_PACK,DEFER_EXTENSION,EXTENSION_PACK_NOT_ACTIVATED:TRAINING_AND_ONBOARDING,employment_id + role_id,hr_employment | ops_role_training_requirement | hr_training_course | hr_training_assignment | hr_training_result,hr_employment | hr_training_assignment | hr_training_course | hr_training_result | ops_role_training_requirement,BakeryOps | HR | 分析/BI,8,只读分析接口，不允许作为业务事实写入口。
v_hr_timesheet_entry_current,当前有效工时记录,hr,对来源系统同一工时记录的多次获准采集确定性选出当前版本，避免重跑或更正被重复计入人效。,来源系统 × 外部工时ID一行,SOURCE_CONDITIONAL,DEFER_SOURCE,SOURCE_CONTRACT_NOT_VERIFIED:HR_TIMESHEET_ENTRY,source_system_id + source_entry_id,hr_timesheet_sync_batch | hr_timesheet_entry,hr_timesheet_entry | hr_timesheet_sync_batch,BakeryOps | 财务网站 | 分析/BI,12,只读取 SUCCEEDED 或按规则允许的 PARTIAL 批次；按 source_system_id、source_entry_id 分组，以批次 completed_at DESC、timesheet_sync_batch_id DESC 确定性选版。同一 idempotency_key 不产生第二批。来源撤销/删除语义未获证前，本视图和两张工时表均保持 SOURCE_CONDITIONAL。
v_identity_mapping_gap,身份映射缺口,app,集中列出尚未确认的地点、POS商品、员工和原料来源身份，并估计影响范围。,R6A1 structure-only; grain key unresolved,PHASE1,BLOCK_MISSING_FACT_OR_RULE,UNDEFINED_GRAIN_KEY | AFFECTED_FACT_UNIVERSE_UNDEFINED | GAP_REASON_RULE_UNDEFINED | AFFECTED_AMOUNT_CURRENCY_CARDINALITY_UNDEFINED,UNDEFINED,ops_location_source_identity | pos_product_listing | pos_product_mapping | pos_product_mapping_review | hr_employment_source_identity | hr_employment_mapping_review | scm_material_source_identity,hr_employment_mapping_review | hr_employment_source_identity | ops_location_source_identity | pos_product_listing | pos_product_mapping | pos_product_mapping_review | scm_material_source_identity,所有项目 | 分析/BI,9,R6A1 closed structural field/type/nullability/lineage contract. New field business metadata is explicitly STRUCTURAL_CONTRACT_ONLY; readiness is not promoted and SELECT specification remains blocked.
v_mkt_campaign_performance,活动效果,mkt,汇总活动版本的资格、邀请、开始、完成、奖励和库存结果。,活动版本 × 可选地点一行,PHASE1,BLOCK_MISSING_FACT_OR_RULE,CAMPAIGN_LOCATION_ATTRIBUTION_UNDEFINED | RATE_DENOMINATOR_UNDEFINED | CAMPAIGN_QUALITY_STATUS_RULE_UNDEFINED,campaign_version_id + location_id,mkt_campaign_version | mkt_campaign_member | mkt_survey_response | mkt_survey_result | mkt_reward_claim | mkt_reward_stock,mkt_campaign_member | mkt_campaign_version | mkt_reward_claim | mkt_reward_stock | mkt_survey_response | mkt_survey_result,HBTI | 财务网站 | 分析/BI,12,只统计 campaign_version.result_algorithm_version 明确批准的 VALID 结果；离线重算版本保留但不自动改变会员、奖励或历史漏斗。 粒度键中的可空字段按 PostgreSQL NULLS NOT DISTINCT / IS NOT DISTINCT FROM 语义分组和去重，包括：location_id；不得让 NULL 绕过去重或产生重复业务行。
v_mkt_reward_stock_reconciliation,奖励库存计数核对,mkt,比较奖励库存事务控制行与领取事实按状态汇总的数量，识别并发失败或异常修复造成的漂移。,活动版本 × 地点 × 奖励一行,PHASE1,PASS_SELECT_SPEC,,campaign_version_id + location_id + reward_id,mkt_reward_stock | mkt_reward_claim,mkt_reward_claim | mkt_reward_stock,HBTI | 财务网站 | 分析/BI,10,SELECT 规格固定为 stock-driven：以 mkt_reward_stock 为全集 LEFT JOIN 仅 reward_stock_id 非空且等于库存行的 mkt_reward_claim，再按 claim.status 汇总 quantity；stockless 外部履约不进入库存核对。来源审计中的 Butterfly 库存 issued=1 但无对应 claim，必须输出 DRIFT，禁止为了 MATCH 伪造 claim。reward_stock 的计数因并发控制需要物理保存，但它不是唯一分析事实。location_id 是 nullable grain key，物化唯一语义必须使用 NULLS NOT DISTINCT。 粒度键中的可空字段按 PostgreSQL NULLS NOT DISTINCT / IS NOT DISTINCT FROM 语义分组和去重，包括：location_id；不得让 NULL 绕过去重或产生重复业务行。
v_msg_delivery_current,消息当前投递状态,msg,从外发队列、不可变投递尝试和可选渠道回执中确定性选出当前状态、重试摘要与业务推送成功去重结论。,外发消息一行,EXTENSION_PACK,DEFER_EXTENSION,EXTENSION_PACK_NOT_ACTIVATED:CHANNEL_RECEIPTS,outbound_message_id,msg_outbound_message | msg_message | msg_delivery_attempt | msg_delivery_event,msg_delivery_attempt | msg_delivery_event | msg_message | msg_outbound_message,BakeryOps | HBTI | 分析/BI,12,渠道回执存在时先按 occurred_at，再按批准的状态优先级，最后按 delivery_event_id 打破平局；无回执时只允许从成功 delivery_attempt/队列状态判断 SENT，绝不推断 DELIVERED 或 READ。attempt_count、last_error_code 和 is_successful_business_push 都由底层事实派生。
v_ops_daily_review_current,当前批准运营复盘,ops,为每个地点营业日选择唯一、最新的已批准复盘版本，并保留店长结构化核对数字。,location_id × business_date,PHASE1,FIX_MODEL_CONTRACT,NULL_APPROVAL_TIMESTAMP_SELECTION_UNDEFINED | APPROVED_VERSION_CONFLICT_OUTPUT_MISSING | AMENDED_SELECT_SPEC_MISSING,location_id + business_date,ops_daily_review,ops_daily_review,BakeryOps | 财务网站 | 分析/BI,12,R6A1 closed structural field/type/nullability/lineage contract. New field business metadata is explicitly STRUCTURAL_CONTRACT_ONLY; readiness is not promoted and SELECT specification remains blocked.
v_ops_forecast_accuracy,预测准确率,ops,将预测行与实际产品日销量配对，区分高估、低估、未计划和未映射。,地点 × 目标营业日 × 产品 × 预测运行一行,PHASE1,BLOCK_MISSING_FACT_OR_RULE,ERROR_RATE_DENOMINATOR_UNDEFINED | FORECAST_ACTUAL_MATCH_RULE_UNDEFINED,forecast_run_id + product_id,ops_forecast_run | ops_forecast_line | v_pos_item_sales_day | ops_product,ops_forecast_line | ops_forecast_run | ops_product | pos_ingest_batch | pos_item_sales_hour | pos_product_listing | pos_product_mapping,BakeryOps | 分析/BI,10,只读分析接口，不允许作为业务事实写入口。
v_ops_holiday_factor,节假日需求因子,ops,从节假日日历与历史产品日销售按批准窗口即时计算地点、产品或品类需求因子，不保存第二份观察结果。,事件 × 地点 × 产品或品类一行,PHASE1,BLOCK_MISSING_FACT_OR_RULE,LOCATION_EVENT_APPLICABILITY_UNDEFINED | BASELINE_WINDOW_RULE_UNDEFINED | MINIMUM_SAMPLE_RULE_UNDEFINED | FACTOR_FALLBACK_RULE_UNDEFINED,calendar_event_id + location_id + product_id + category_code,ops_calendar_event | v_pos_item_sales_day | ops_product | ops_business_rule | ops_location,ops_business_rule | ops_calendar_event | ops_location | ops_product | pos_ingest_batch | pos_item_sales_hour | pos_product_listing | pos_product_mapping,BakeryOps | 分析/BI,13,"每行必须满足 num_nonnulls(product_id, category_code) = 1。factor=observed_quantity/NULLIF(baseline_quantity,0)，计算规则来自带有效期的 ops_business_rule。低样本、缺映射和兜底必须显式标记；FALLBACK 不是历史实测。若未来要冻结模型训练集，应新增经批准的模型数据集版本，而不是把每次可重算因子都落成业务表。 粒度键中的可空字段按 PostgreSQL NULLS NOT DISTINCT / IS NOT DISTINCT FROM 语义分组和去重，包括：product_id, category_code；不得让 NULL 绕过去重或产生重复业务行。"
v_ops_item_daily_pulse,产品每日全景,ops,把计划、实际产出、配送、销售、报废、断货和成本质量放到同一产品日行。,地点 × 营业日 × 产品一行,EXTENSION_PACK,DEFER_EXTENSION,EXTENSION_PACK_NOT_ACTIVATED:PRODUCTION_EXECUTION,location_id + business_date + product_id,ops_production_plan_line | ops_production_plan_version | ops_production_run_line | ops_dispatch_line | v_pos_item_sales_day | v_pos_item_waste_mapped | ops_stockout_event,ops_dispatch_line | ops_production_plan_line | ops_production_plan_version | ops_production_run_line | ops_stockout_event | pos_ingest_batch | pos_item_sales_hour | pos_item_waste | pos_product_listing | pos_product_mapping,BakeryOps | 财务网站 | 分析/BI,10,只读分析接口，不允许作为业务事实写入口。
v_ops_labor_productivity,门店人效,ops,在地点营业日粒度比较实际净工时与 POS 净销售；不伪造产品级人工成本。,location_id × business_date × sales_currency,SOURCE_CONDITIONAL,DEFER_SOURCE,SOURCE_CONTRACT_NOT_VERIFIED:HR_TIMESHEET_ENTRY | EXTENSION_PACK_NOT_ACTIVATED:SHIFT_AND_WORKFORCE | AMENDED_SELECT_SPEC_MISSING,location_id + business_date + sales_currency,v_hr_timesheet_entry_current | v_pos_sales_day_current | ops_shift_assignment | ops_shift_requirement,hr_timesheet_entry | hr_timesheet_sync_batch | ops_shift_assignment | ops_shift_requirement | pos_ingest_batch | pos_sales_day,BakeryOps | 财务网站 | 分析/BI,9,R6A1 closed structural field/type/nullability/lineage contract. New field business metadata is explicitly STRUCTURAL_CONTRACT_ONLY; readiness is not promoted and SELECT specification remains blocked.
v_ops_manager_sales_reconciliation,店长输入与POS核对,ops,比较复盘中店长确认的营业额与POS实测，显示差异而不覆盖任一来源。,daily_review_id,PHASE1,BLOCK_MISSING_FACT_OR_RULE,RECONCILIATION_THRESHOLD_UNDEFINED | RECONCILIATION_STATUS_PRECEDENCE_UNDEFINED | CURRENCY_MATCH_RULE_UNDEFINED,daily_review_id,v_ops_daily_review_current | v_pos_sales_day_current,ops_daily_review | pos_ingest_batch | pos_sales_day,BakeryOps | 分析/BI,10,R6A1 closed structural field/type/nullability/lineage contract. New field business metadata is explicitly STRUCTURAL_CONTRACT_ONLY; readiness is not promoted and SELECT specification remains blocked.
v_ops_plan_vs_production,计划与生产达成,ops,比较已发布生产计划和实际合格产出。,地点 × 营业日 × 产品一行,EXTENSION_PACK,DEFER_EXTENSION,EXTENSION_PACK_NOT_ACTIVATED:PRODUCTION_EXECUTION,location_id + business_date + product_id,ops_production_plan_version | ops_production_plan_line | ops_production_run | ops_production_run_line,ops_production_plan_line | ops_production_plan_version | ops_production_run | ops_production_run_line,BakeryOps | 分析/BI,8,只读分析接口，不允许作为业务事实写入口。
v_ops_product_mix_daily,产品日销售占比,ops,计算产品销量和销售额占地点日总量的比例及环比变化。,location_id × business_date × product_id × item_currency,PHASE1,BLOCK_MISSING_FACT_OR_RULE,SHARE_DENOMINATOR_UNDEFINED | PRIOR_PERIOD_SELECTION_UNDEFINED | CURRENCY_MATCH_RULE_UNDEFINED,location_id + business_date + product_id + item_currency,v_pos_item_sales_day | v_pos_sales_day_current | ops_product,ops_product | pos_ingest_batch | pos_item_sales_hour | pos_product_listing | pos_product_mapping | pos_sales_day,BakeryOps | 财务网站 | 分析/BI,11,R6A1 closed structural field/type/nullability/lineage contract. New field business metadata is explicitly STRUCTURAL_CONTRACT_ONLY; readiness is not promoted and SELECT specification remains blocked.
v_ops_production_vs_dispatch,生产与配送差异,ops,比较生产地点的合格产出、发出和接收数量。,发出地点 × 接收地点 × 营业日 × 产品一行,EXTENSION_PACK,DEFER_EXTENSION,EXTENSION_PACK_NOT_ACTIVATED:PRODUCTION_EXECUTION,from_location_id + to_location_id + business_date + product_id,ops_production_run_line | ops_dispatch | ops_dispatch_line,ops_dispatch | ops_dispatch_line | ops_production_run_line,BakeryOps | 分析/BI,8,只读分析接口，不允许作为业务事实写入口。
v_ops_shift_by_role,岗位工时分布,ops,按地点、营业日和标准岗位汇总计划与实际工时。,地点 × 营业日 × 岗位一行,SOURCE_CONDITIONAL,DEFER_SOURCE,SOURCE_CONTRACT_NOT_VERIFIED:HR_TIMESHEET_ENTRY | EXTENSION_PACK_NOT_ACTIVATED:SHIFT_AND_WORKFORCE,location_id + business_date + role_id,ops_shift_assignment | ops_shift_requirement | v_hr_timesheet_entry_current | ops_role,hr_timesheet_entry | hr_timesheet_sync_batch | ops_role | ops_shift_assignment | ops_shift_requirement,BakeryOps | HR | 财务网站 | 分析/BI,9,只读分析接口，不允许作为业务事实写入口。
v_ops_shift_publish_readiness,班表发布就绪,ops,汇总班表版本的关键岗位覆盖、资格违规、需求人数和重叠指派。,班表版本一行,EXTENSION_PACK,DEFER_EXTENSION,EXTENSION_PACK_NOT_ACTIVATED:SHIFT_AND_WORKFORCE | EXTENSION_PACK_NOT_ACTIVATED:TRAINING_AND_ONBOARDING,shift_plan_version_id,ops_shift_plan_version | ops_shift_requirement | ops_shift_assignment | v_hr_role_eligibility,hr_employment | hr_training_assignment | hr_training_course | hr_training_result | ops_role_training_requirement | ops_shift_assignment | ops_shift_plan_version | ops_shift_requirement,BakeryOps | HR | 分析/BI,9,只读分析接口，不允许作为业务事实写入口。
v_ops_timeslot_sales_baseline,时段销售基线,ops,按地点、产品、日型和营业时段计算批准窗口内的滚动销量基线。,地点 × 产品 × 日型 × 时段一行,PHASE1,BLOCK_MISSING_FACT_OR_RULE,DAY_TYPE_RULE_UNDEFINED | TIMESLOT_BOUNDARY_RULE_UNDEFINED | BASELINE_WINDOW_RULE_UNDEFINED | MINIMUM_SAMPLE_RULE_UNDEFINED,location_id + product_id + day_type + slot_start + slot_end,v_pos_item_sales_hour_current | pos_product_mapping | ops_calendar_event | ops_location | ops_business_rule,ops_business_rule | ops_calendar_event | ops_location | pos_ingest_batch | pos_item_sales_hour | pos_product_mapping,BakeryOps | 分析/BI,9,时段基线只能读取 v_pos_item_sales_hour_current；每个营业日必须先固定唯一 ITEM_SALES_HOUR 批次，再进入历史窗口。基线版本还需冻结窗口、日型、异常排除和最小样本规则，禁止直接扫描所有重跑批次。
v_pos_daily_breakdown_current,当前POS日维度拆分,pos,为每个地点营业日选择一批合格 DAILY_BREAKDOWN 事实，向支付、渠道和就餐方式分析提供唯一版本。,地点 × 营业日 × 维度类型 × 维度值一行,PHASE1,PASS_SELECT_SPEC,,location_id + business_date + dimension_type + dimension_value,pos_daily_breakdown | pos_ingest_batch,pos_daily_breakdown | pos_ingest_batch,BakeryOps | 财务网站 | 分析/BI,12,"只读取 dataset_code='DAILY_BREAKDOWN' 且 SUCCEEDED、未被合格同数据集批次 supersedes 的批次；按 location_id,business_date 用 completed_at、created_at、batch_id 选一个整日批次。下游不得直接读 pos_daily_breakdown 后自行 MAX(created_at)。"
v_pos_item_sales_day,POS产品日销售,pos,把商品小时销售按营业日聚合，并仅在发生时点映射确认后提供 product_id。,location_id × business_date × listing_id,PHASE1,FIX_MODEL_CONTRACT,CURRENCY_UNIFORMITY_FAILURE_RULE_UNDEFINED | AMENDED_SELECT_SPEC_MISSING,location_id + business_date + listing_id,v_pos_item_sales_hour_current | pos_product_mapping | pos_product_listing,pos_ingest_batch | pos_item_sales_hour | pos_product_listing | pos_product_mapping,BakeryOps | 财务网站 | 分析/BI,10,R6A1 closed structural field/type/nullability/lineage contract. New field business metadata is explicitly STRUCTURAL_CONTRACT_ONLY; readiness is not promoted and SELECT specification remains blocked.
v_pos_item_sales_hour_current,当前POS商品小时销售,pos,为每个地点营业日只选择一批合格的 ITEM_SALES_HOUR 事实，并保留该批内每个 listing 小时行。,location_id × business_date × hour_started_at × listing_id,PHASE1,FIX_MODEL_CONTRACT,SIGNED_NULLABILITY_SELECT_SPEC_NOT_REVALIDATED | AMENDED_SELECT_SPEC_MISSING,location_id + business_date + hour_started_at + listing_id,pos_item_sales_hour | pos_ingest_batch,pos_ingest_batch | pos_item_sales_hour,BakeryOps | 财务网站 | 分析/BI,12,R6A1 closed structural field/type/nullability/lineage contract. New field business metadata is explicitly STRUCTURAL_CONTRACT_ONLY; readiness is not promoted and SELECT specification remains blocked.
v_pos_item_waste_current,当前POS商品报废,pos,为每个地点营业日选择一批合格 ITEM_WASTE 事实，保留所选批次内每条最细来源报废记录。,地点 × 营业日 × listing × 来源报废记录一行,PHASE1,PASS_SELECT_SPEC,,waste_id,pos_item_waste | pos_ingest_batch,pos_ingest_batch | pos_item_waste,BakeryOps | 财务网站 | 分析/BI,16,"只读取 dataset_code='ITEM_WASTE' 且 SUCCEEDED、未被合格同数据集批次 supersedes 的批次；按 location_id,business_date 用 completed_at、created_at、batch_id 选一个整日批次，再输出该批事实。来源更正通过新整批自然移除旧行，禁止在不同批次间逐行拼接。"
v_pos_item_waste_mapped,已治理商品报废,pos,为报废事实补充发生时点已确认product_id和标准损失分类，同时保留未映射行。,一条POS报废事实一行,PHASE1,PASS_SELECT_SPEC,,waste_id,v_pos_item_waste_current | pos_product_mapping,pos_ingest_batch | pos_item_waste | pos_product_mapping,BakeryOps | 财务网站 | 分析/BI,13,只为 current 报废事实补充发生时点有效的确认映射；pos_ingest_batch_id、source_name_snapshot、source_waste_amount 和 currency 必须原样透传。未映射 listing 仍保留 product_id=NULL，不允许 inner join 或按名称猜配。
v_pos_member_daily_metric_current,当前会员日报原值,pos,为每个地点营业日选择一个合格 MEMBER_DAILY_METRIC 批次，并原样输出所有不可可靠重算的来源日报字段。,地点 × 营业日一行,PHASE1,PASS_SELECT_SPEC,,location_id + business_date,pos_member_daily_metric | pos_ingest_batch,pos_ingest_batch | pos_member_daily_metric,财务网站 | HBTI | 分析/BI,28,"只读取 dataset_code='MEMBER_DAILY_METRIC' 且 SUCCEEDED、未被合格同数据集批次 supersedes 的批次；按 location_id,business_date 用 completed_at、created_at、batch_id 选一行。任何 required 来源指标重复或同批多行都使批次失败，不用 MAX/SUM 掩盖。"
v_pos_member_daily_summary,会员日经营摘要,pos,把会员贡献、卡核销、充值净额和余额质量放在同一门店营业日行。,location_id × business_date,PHASE1,BLOCK_MISSING_FACT_OR_RULE,CARD_PAYMENT_BREAKDOWN_MAPPING_UNDEFINED | STORED_VALUE_FORMULA_UNDEFINED | PARTIAL_STATUS_RULE_UNDEFINED | THREE_SOURCE_CURRENCY_MATCH_RULE_UNDEFINED,location_id + business_date,v_pos_member_daily_metric_current | v_pos_sales_day_current | v_pos_daily_breakdown_current,pos_daily_breakdown | pos_ingest_batch | pos_member_daily_metric | pos_sales_day,财务网站 | HBTI | 分析/BI,27,R6A1 closed structural field/type/nullability/lineage contract. New field business metadata is explicitly STRUCTURAL_CONTRACT_ONLY; readiness is not promoted and SELECT specification remains blocked.
v_pos_member_order_item,会员关联订单商品,pos,把当前订单商品、可解释会员归属和发生时点产品映射组合成个性化分析的唯一只读入口。,pos_ingest_batch_id × order_id × source_order_item_id × source_reversal_order_code,PHASE1,BLOCK_MISSING_FACT_OR_RULE,BLOCKED_ORDER_ITEM_CURRENT_DEPENDENCY | MAPPING_OCCURRENCE_TIMESTAMP_MISSING,pos_ingest_batch_id + order_id + source_order_item_id + source_reversal_order_code,v_pos_order_item_current | v_pos_order_member_attribution | pos_product_mapping | ops_product,ops_product | pos_ingest_batch | pos_member | pos_member_card_transaction | pos_order | pos_order_item | pos_product_listing | pos_product_mapping,HBTI | 财务网站 | 分析/BI,21,R6A1 closed structural field/type/nullability/lineage contract. New field business metadata is explicitly STRUCTURAL_CONTRACT_ONLY; readiness is not promoted and SELECT specification remains blocked.
v_pos_member_state_current,当前会员状态与余额,pos,从不可变会员快照中为每个会员选出最新合格观察，提供当前等级、积分、累计值和会员级余额而不覆盖历史。,会员一行,PHASE1,BLOCK_MISSING_FACT_OR_RULE,MEMBER_PROFILE_BATCH_COVERAGE_UNPROVEN | STALE_THRESHOLD_UNDEFINED,member_id,pos_member_balance_snapshot | pos_ingest_batch,pos_ingest_batch | pos_member_balance_snapshot,财务网站 | HBTI | 分析/BI,21,只读取 dataset_code='MEMBER_PROFILE' 且 batch.status='SUCCEEDED'、未被合格同数据集批次 supersedes 的快照。合格批次必须覆盖客户档案与卡列表并集，并为仅有卡的会员写 profile_present=false。按 member_id 依次以 snapshot_date DESC、batch.completed_at DESC NULLS LAST、batch.created_at DESC、batch_id DESC、snapshot_id DESC 取一行。没有合格快照则不从 pos_member 主档猜当前等级或余额。
v_pos_order_item_current,当前订单商品最小事实,pos,为每个地点和营业日选择一个合格订单商品批次，保留订单×listing最小粒度且避免重跑重复计算。,pos_ingest_batch_id × order_id × source_order_item_id × source_reversal_order_code,PHASE1,BLOCK_MISSING_FACT_OR_RULE,LATEST_S0_RAW_REPORT211_REPLAY_REQUIRED | CURRENT_BATCH_SELECT_SPEC_NOT_REVALIDATED | LISTING_ID_AUTHORITY_REQUIRED,pos_ingest_batch_id + order_id + source_order_item_id + source_reversal_order_code,pos_order_item | pos_order | pos_product_listing | pos_ingest_batch,pos_ingest_batch | pos_order | pos_order_item | pos_product_listing,BakeryOps | 财务网站 | HBTI | 分析/BI,21,R6A1 closed structural field/type/nullability/lineage contract. New field business metadata is explicitly STRUCTURAL_CONTRACT_ONLY; readiness is not promoted and SELECT specification remains blocked.
v_pos_order_member_attribution,订单会员归属判断,pos,从会员卡交易的订单连接计算唯一、歧义或未匹配归属，不在订单商品事实里复制会员ID。,一个稳定订单一行,PHASE1,PASS_SELECT_SPEC,,order_id,pos_order | pos_member_card_transaction | pos_member,pos_member | pos_member_card_transaction | pos_order,HBTI | 财务网站 | 分析/BI,8,仅聚合已通过 source_system_id+location_id+source_order_id 解析到 order_id 的会员卡流水。恰好一个不同 member_id 才输出 resolved_member_id；多会员保留在基础流水并标 AMBIGUOUS，零匹配标 UNMATCHED。该关系证明会员账号与订单有关联，不证明该会员本人吃掉、喝掉或使用了订单内全部商品。
v_pos_revenue_reconciliation,POS收入对账,pos,比较日销售、小时销售和商品小时销售三种来源粒度，显示金额和订单差异。,location_id × business_date,PHASE1,BLOCK_MISSING_FACT_OR_RULE,RECONCILIATION_THRESHOLD_UNDEFINED | MISSING_SIDE_STATUS_PRECEDENCE_UNDEFINED | THREE_SIDE_CURRENCY_MISMATCH_RULE_UNDEFINED,location_id + business_date,v_pos_sales_day_current | v_pos_sales_hour_current | v_pos_item_sales_day,pos_ingest_batch | pos_item_sales_hour | pos_product_listing | pos_product_mapping | pos_sales_day | pos_sales_hour,BakeryOps | 财务网站 | 分析/BI,16,R6A1 closed structural field/type/nullability/lineage contract. New field business metadata is explicitly STRUCTURAL_CONTRACT_ONLY; readiness is not promoted and SELECT specification remains blocked.
v_pos_sales_day_current,当前POS日销售,pos,为每个地点营业日选择最新且符合质量要求的 POS 日销售批次。,地点 × 营业日一行,PHASE1,PASS_SELECT_SPEC,,location_id + business_date,pos_sales_day | pos_ingest_batch,pos_ingest_batch | pos_sales_day,BakeryOps | 财务网站 | 分析/BI,15,"确定性选版：只接受 batch.dataset_code='SALES_DAY'、batch.status='SUCCEEDED' 且 fact.quality_status='COMPLETE'；排除被另一合格 SALES_DAY 批次 supersedes 的批次；按 location_id,business_date 分组后依次按 batch.completed_at DESC NULLS LAST、batch.created_at DESC、batch.pos_ingest_batch_id DESC 取一行。没有合格批次则不返回 0，而由质量视图报告缺失。average_order_value 与 discount_rate 只在分子分母齐全且分母非零时派生；source_average_order_value 仅用于来源对账。"
v_pos_sales_hour_current,当前POS小时销售,pos,为每个地点、营业日和小时只选择一批合格的 SALES_HOUR 来源事实，阻止日常重跑被重复汇总。,location_id × business_date × hour_started_at,PHASE1,FIX_MODEL_CONTRACT,SIGNED_NULLABILITY_SELECT_SPEC_NOT_REVALIDATED | AMENDED_SELECT_SPEC_MISSING,location_id + business_date + hour_started_at,pos_sales_hour | pos_ingest_batch,pos_ingest_batch | pos_sales_hour,BakeryOps | 财务网站 | 分析/BI,12,R6A1 closed structural field/type/nullability/lineage contract. New field business metadata is explicitly STRUCTURAL_CONTRACT_ONLY; readiness is not promoted and SELECT specification remains blocked.
v_product_identity,产品身份统一视图,pos,以 POS listing 为全集，显示发生时点有效的 product_id 及排产、品类和映射质量。,POS listing × 当前有效映射一行,PHASE1,FIX_MODEL_CONTRACT,MAPPING_AS_OF_SEMANTICS_UNRESOLVED,listing_id,pos_product_listing | pos_product_mapping | ops_product,ops_product | pos_product_listing | pos_product_mapping,BakeryOps | 财务网站 | 分析/BI,9,只读分析接口，不允许作为业务事实写入口。
v_scm_inventory_balance,库存余额,scm,从最近批准盘点和之后已过账库存移动推导地点、原料和批号余额。,地点 × 原料 × 可选批号一行,EXTENSION_PACK,DEFER_EXTENSION,EXTENSION_PACK_NOT_ACTIVATED:PROCUREMENT_AND_INVENTORY,location_id + material_id + lot_code + expiry_date,scm_inventory_count | scm_inventory_count_line | scm_inventory_movement | scm_inventory_movement_line,scm_inventory_count | scm_inventory_count_line | scm_inventory_movement | scm_inventory_movement_line,BakeryOps | 财务网站 | 分析/BI,9,"只读分析接口，不允许作为业务事实写入口。 粒度键中的可空字段按 PostgreSQL NULLS NOT DISTINCT / IS NOT DISTINCT FROM 语义分组和去重，包括：lot_code, expiry_date；不得让 NULL 绕过去重或产生重复业务行。"
v_scm_material_price_normalized,R6A1结构视图：v_scm_material_price_normalized,scm,为每个供应商商品选择最新合格价格观察并显示来源和归一化单价。,material_price_observation_id,PHASE1,BLOCK_MISSING_FACT_OR_RULE,UNIT_CONVERSION_EFFECTIVE_TIME_RULE_UNRESOLVED | ZERO_PRICE_ELIGIBILITY_RULE_UNRESOLVED | SELECT_SPEC_MISSING,material_price_observation_id,scm_material_price_observation | scm_supplier_item | scm_material_unit_conversion,scm_material_price_observation | scm_material_unit_conversion | scm_supplier_item,BakeryOps | 财务网站 | 分析/BI,19,R6A1 closed structural field/type/nullability/lineage contract. New field business metadata is explicitly STRUCTURAL_CONTRACT_ONLY; readiness is not promoted and SELECT specification remains blocked.
v_scm_material_requirement_line,原料需求派生汇总,scm,从最细需求组成行按运行和原料汇总毛需求、基础单位与运行质量，不保存第二份汇总事实。,需求运行 × 原料一行,EXTENSION_PACK,DEFER_EXTENSION,EXTENSION_PACK_NOT_ACTIVATED:PROCUREMENT_AND_INVENTORY,material_requirement_key,scm_material_requirement_run | scm_material_requirement_component | scm_material,scm_material | scm_material_requirement_component | scm_material_requirement_run,BakeryOps | 财务网站 | 分析/BI,10,只汇总 quality_status='COMPLETE' 且 material_id/material_quantity 非空的组成行；run_issue_count 对整个运行计数，因此不能因某种原料自身完整而掩盖另一计划产品缺配方。无组成行时不伪造0需求。
v_scm_material_requirement_reconciliation,原料需求到补货输入核对,scm,比较派生原料毛需求与后续补货运行冻结的 required_quantity，识别跨步骤复制漂移。,需求运行 × 原料 × 可选补货行一行,EXTENSION_PACK,DEFER_EXTENSION,EXTENSION_PACK_NOT_ACTIVATED:PROCUREMENT_AND_INVENTORY,material_requirement_key + replenishment_line_id,v_scm_material_requirement_line | scm_replenishment_run | scm_replenishment_line,scm_material | scm_material_requirement_component | scm_material_requirement_run | scm_replenishment_line | scm_replenishment_run,BakeryOps | 财务网站 | 分析/BI,8,先要求 replenishment_run.material_requirement_run_id 精确相同，再按 material_id 连接；需求运行有阻断时为 BLOCKED，尚无补货行为 NO_DOWNSTREAM。绝不把不同运行的相似数量视为同一来源。 粒度键中的可空字段按 PostgreSQL NULLS NOT DISTINCT / IS NOT DISTINCT FROM 语义分组和去重，包括：replenishment_line_id；不得让 NULL 绕过去重或产生重复业务行。
v_scm_material_requirement_trace,原料需求穿透,scm,逐行展示需求运行实际产出的原料贡献或质量阻断，并穿透到计划产品和配方组件。,需求组成行一行,EXTENSION_PACK,DEFER_EXTENSION,EXTENSION_PACK_NOT_ACTIVATED:PROCUREMENT_AND_INVENTORY,material_requirement_component_id,scm_material_requirement_run | scm_material_requirement_component | ops_production_plan_line | cost_card_recipe_component | cost_card_recipe_version,cost_card_recipe_component | cost_card_recipe_version | ops_production_plan_line | scm_material_requirement_component | scm_material_requirement_run,BakeryOps | 财务网站 | 分析/BI,11,只读分析接口，不允许作为业务事实写入口。
v_scm_purchase_order_reconciliation,采购单版本金额核对,scm,比较采购单批准版本的冻结单头金额与最小采购行汇总，保留正式单据同时证明合计没有漂移。,purchase_order_revision_id,EXTENSION_PACK,DEFER_EXTENSION,EXTENSION_PACK_NOT_ACTIVATED:PROCUREMENT_AND_INVENTORY | CURRENCY_UNIFORMITY_RULE_UNDEFINED,purchase_order_revision_id,scm_purchase_order_revision | scm_purchase_order_line,scm_purchase_order_line | scm_purchase_order_revision,BakeryOps | 财务网站 | 分析/BI,11,R6A1 closed structural field/type/nullability/lineage contract. New field business metadata is explicitly STRUCTURAL_CONTRACT_ONLY; readiness is not promoted and SELECT specification remains blocked.
v_scm_replenishment_trace,订货建议穿透,scm,把原料需求、库存、在途、安全量、建议量、批准量、PO和收货串成一行。,补货运行 × 原料 × 可选供应商商品版本一行,EXTENSION_PACK,DEFER_EXTENSION,EXTENSION_PACK_NOT_ACTIVATED:PROCUREMENT_AND_INVENTORY,replenishment_line_id,scm_replenishment_run | scm_replenishment_line | scm_supplier_item | scm_purchase_order_line | scm_purchase_order_revision | scm_goods_receipt_line,scm_goods_receipt_line | scm_purchase_order_line | scm_purchase_order_revision | scm_replenishment_line | scm_replenishment_run | scm_supplier_item,BakeryOps | 财务网站 | 分析/BI,13,只读分析接口，不允许作为业务事实写入口。
v_scm_supplier_item_current_mapping,当前供应商商品物料映射,scm,按查询时点从供应商商品版本中返回每个供应商SKU唯一有效且已确认的物料和包装规格。,供应商 × 供应商SKU一行,PHASE1,FIX_MODEL_CONTRACT,AS_OF_SEMANTICS_UNRESOLVED,supplier_id + supplier_sku,scm_supplier | scm_supplier_item | scm_material | scm_material_unit_conversion,scm_material | scm_material_unit_conversion | scm_supplier | scm_supplier_item,BakeryOps | 财务网站 | 分析/BI,9,scm_supplier_item 本身就是有效期版本，不再另设映射表。base_unit_quantity 从 order_unit_id、material.base_unit_id 和 material_unit_conversion_id 确定性派生。以查询 as_of 时点应用 valid_from <= as_of AND (valid_to IS NULL OR as_of < valid_to)，只接受 CONFIRMED；无有效版本时按供应商目录业务键报告 MISSING，不按名称猜填。
